,Mcg,Gvh,Alm,Mit,Erl,Pox,Vac,Nuc,Class
0,0.5949367088607594,0.3924050632911392,0.4189189189189188,0.13,0.0,0.0,0.7397260273972602,0.22,0
1,0.4683544303797468,0.40506329113924044,0.4459459459459459,0.2,0.0,0.0,0.7945205479452054,0.34,0
2,0.40506329113924044,0.3291139240506329,0.37837837837837834,0.21,0.0,0.0,0.726027397260274,0.27,0
3,0.3924050632911392,0.30379746835443033,0.4459459459459459,0.2,0.0,0.0,0.7123287671232876,0.29,0
4,0.5949367088607594,0.430379746835443,0.37837837837837834,0.11,0.0,0.0,0.6986301369863014,0.26,0
5,0.49367088607594933,0.26582278481012656,0.39189189189189194,0.21,0.0,0.0,0.6712328767123287,0.22,0
6,0.6329113924050632,0.5949367088607594,0.39189189189189194,0.21,0.0,0.0,0.684931506849315,0.25,0
7,0.5316455696202531,0.5189873417721519,0.22972972972972966,0.1,0.0,0.0,0.7808219178082191,0.32,0
8,0.2784810126582278,0.5316455696202531,0.3378378378378378,0.43,0.0,0.0,0.6986301369863014,0.22,0
9,0.5316455696202531,0.22784810126582278,0.4324324324324323,0.39,0.0,0.0,0.6438356164383561,0.37,0
10,0.430379746835443,0.4177215189873418,0.39189189189189194,0.43,0.0,0.0,0.7534246575342466,0.38,0
11,0.3291139240506329,0.240506329113924,0.2837837837837837,0.18,0.0,0.0,0.6164383561643836,0.25,0
12,0.4683544303797468,0.3797468354430379,0.3378378378378378,0.32,0.0,0.0,0.7123287671232876,0.43,0
13,0.3797468354430379,0.4177215189873418,0.4459459459459459,0.19,0.0,0.0,0.7945205479452054,0.27,0
14,0.49367088607594933,0.49367088607594933,0.4459459459459459,0.3,0.0,0.0,0.6986301369863014,0.35,0
15,0.2784810126582278,0.3797468354430379,0.5135135135135136,0.16,0.0,0.0,0.7123287671232876,0.52,0
16,0.4177215189873418,0.49367088607594933,0.2027027027027027,0.23,0.0,0.0,0.6986301369863014,0.22,0
17,0.24050632911392403,0.240506329113924,0.4189189189189188,0.19,0.0,0.0,0.6575342465753424,0.55,0
18,0.430379746835443,0.481012658227848,0.3243243243243243,0.16,0.0,0.0,0.7123287671232876,1.0,0
19,0.36708860759493667,0.3164556962025316,0.36486486486486486,0.16,0.0,0.0,0.7123287671232876,0.27,0
20,0.5316455696202531,0.481012658227848,0.39189189189189194,0.05,0.0,0.0,0.6164383561643836,0.25,0
21,0.6455696202531646,0.481012658227848,0.35135135135135137,0.42,0.0,0.0,0.7397260273972602,0.27,0
22,0.30379746835443033,0.5696202531645569,0.37837837837837834,0.16,0.0,0.0,0.6986301369863014,0.22,0
23,0.4683544303797468,0.5189873417721519,0.3243243243243243,0.17,0.0,0.0,0.726027397260274,0.22,0
24,0.45569620253164556,0.240506329113924,0.5135135135135136,0.3,0.0,0.0,0.863013698630137,0.22,0
25,0.5949367088607594,0.4430379746835442,0.3378378378378378,0.47,0.0,0.0,0.7534246575342466,0.22,0
26,0.670886075949367,0.5949367088607594,0.4189189189189188,0.19,0.0,0.0,0.5890410958904109,0.22,0
27,0.21518987341772153,0.30379746835443033,0.47297297297297286,0.09,0.0,0.0,0.7123287671232876,0.55,0
28,0.18987341772151897,0.29113924050632906,0.2837837837837837,0.34,0.0,0.0,0.726027397260274,0.72,0
29,0.31645569620253156,0.6962025316455696,0.27027027027027023,0.16,0.0,0.0,0.726027397260274,0.28,0
30,0.3924050632911392,0.22784810126582278,0.3243243243243243,0.15,0.0,0.0,0.726027397260274,0.22,0
31,0.7088607594936709,0.7341772151898733,0.35135135135135137,0.65,0.0,0.0,0.726027397260274,0.36,0
32,0.4810126582278481,0.430379746835443,0.36486486486486486,0.16,0.0,0.0,0.6575342465753424,0.27,0
33,0.3924050632911392,0.481012658227848,0.3243243243243243,0.12,0.0,0.0,0.7123287671232876,0.46,0
34,0.5822784810126581,0.481012658227848,0.36486486486486486,0.18,0.0,0.0,0.767123287671233,0.25,0
35,0.25316455696202533,0.3924050632911392,0.36486486486486486,0.23,0.0,0.0,0.6986301369863014,0.32,0
36,0.25316455696202533,0.22784810126582278,0.40540540540540543,0.33,0.0,0.0,0.7123287671232876,0.33,0
37,0.4810126582278481,0.22784810126582278,0.3108108108108108,0.35,0.0,0.0,0.6986301369863014,0.29,0
38,0.5949367088607594,0.5443037974683544,0.25675675675675674,0.12,0.0,0.0,0.6986301369863014,0.22,0
39,0.5316455696202531,0.3164556962025316,0.5405405405405406,0.25,0.0,0.0,0.5890410958904109,0.22,0
40,0.2911392405063291,0.29113924050632906,0.37837837837837834,0.11,0.0,0.0,0.4931506849315068,0.21,0
41,0.3797468354430379,0.40506329113924044,0.36486486486486486,0.17,0.0,0.0,0.6986301369863014,0.25,0
42,0.25316455696202533,0.4177215189873418,0.37837837837837834,0.52,0.0,0.0,0.684931506849315,0.34,0
43,0.6075949367088607,0.5696202531645569,0.40540540540540543,0.21,0.0,0.0,0.7397260273972602,0.33,0
44,0.35443037974683544,0.189873417721519,0.27027027027027023,0.12,0.0,0.0,0.5616438356164383,0.22,0
45,0.20253164556962025,0.29113924050632906,0.4594594594594594,0.33,0.0,0.0,0.5068493150684931,0.31,0
46,0.30379746835443033,0.3417721518987341,0.4459459459459459,0.22,0.0,0.0,0.6438356164383561,0.37,0
47,0.3924050632911392,0.240506329113924,0.3243243243243243,0.21,0.0,0.0,0.6986301369863014,0.22,0
48,0.1518987341772152,0.08860759493670883,0.36486486486486486,0.2,0.0,0.0,0.6027397260273972,0.22,0
49,0.5569620253164557,0.5189873417721519,0.40540540540540543,0.22,0.0,0.0,0.684931506849315,0.37,0
50,0.31645569620253156,0.1392405063291139,0.3108108108108108,0.16,0.0,0.0,0.6986301369863014,0.22,0
51,0.620253164556962,0.5443037974683544,0.2837837837837837,0.2,0.0,0.0,0.684931506849315,0.38,0
52,0.3797468354430379,0.1392405063291139,0.37837837837837834,0.26,0.0,0.0,0.5616438356164383,0.22,0
53,0.40506329113924044,0.3291139240506329,0.37837837837837834,0.14,0.0,0.0,0.6438356164383561,0.22,0
54,0.49367088607594933,0.481012658227848,0.35135135135135137,0.09,0.0,0.0,0.6575342465753424,0.25,0
55,0.5316455696202531,0.6075949367088607,0.35135135135135137,0.21,0.0,0.0,0.7534246575342466,0.3,0
56,0.44303797468354433,0.3797468354430379,0.3108108108108108,0.79,0.0,0.0,0.6712328767123287,0.63,0
57,0.6329113924050632,0.2151898734177215,0.4459459459459459,0.12,0.0,0.0,0.6712328767123287,0.27,0
58,0.3291139240506329,0.5063291139240506,0.27027027027027023,0.23,0.0,0.0,0.6438356164383561,0.22,0
59,0.5569620253164557,0.4177215189873418,0.27027027027027023,0.31,0.0,0.0,0.7945205479452054,0.48,0
60,0.30379746835443033,0.5949367088607594,0.2837837837837837,0.13,0.0,0.0,0.7123287671232876,0.43,0
61,0.2784810126582278,0.3924050632911392,0.3108108108108108,0.08,0.0,0.0,0.6575342465753424,0.49,0
62,0.5443037974683544,0.5569620253164556,0.35135135135135137,0.19,0.0,0.0,0.8082191780821917,0.67,0
63,0.3291139240506329,0.3797468354430379,0.48648648648648646,0.27,0.0,0.0,0.6575342465753424,0.22,0
64,0.569620253164557,0.5822784810126581,0.36486486486486486,0.16,0.0,0.0,0.3287671232876712,0.42,0
65,0.4177215189873418,0.3924050632911392,0.3108108108108108,0.15,0.0,0.0,0.6301369863013698,0.27,0
66,0.620253164556962,0.5949367088607594,0.3108108108108108,0.3,0.0,0.0,0.726027397260274,0.22,0
67,0.30379746835443033,0.6962025316455696,0.4189189189189188,0.4,0.0,0.0,0.726027397260274,0.36,0
68,0.1518987341772152,0.2151898734177215,0.4324324324324323,0.22,0.0,0.0,0.6575342465753424,0.27,0
69,0.569620253164557,0.5189873417721519,0.4459459459459459,0.14,0.0,0.0,0.7123287671232876,0.27,0
70,0.25316455696202533,0.22784810126582278,0.37837837837837834,0.18,0.0,0.0,0.7123287671232876,0.29,0
71,0.20253164556962025,0.481012658227848,0.2837837837837837,0.35,0.0,0.0,0.6712328767123287,0.28,0
72,0.5443037974683544,0.5443037974683544,0.4189189189189188,0.18,0.0,0.0,0.6164383561643836,0.25,0
73,0.07594936708860758,0.3164556962025316,0.25675675675675674,0.09,0.0,0.0,0.7397260273972602,0.27,0
74,0.40506329113924044,0.481012658227848,0.37837837837837834,0.15,0.0,0.0,0.6164383561643836,0.26,0
75,0.2911392405063291,0.670886075949367,0.3378378378378378,0.16,0.0,0.0,0.6438356164383561,0.33,0
76,0.5949367088607594,0.4430379746835442,0.40540540540540543,0.1,0.0,0.0,0.6301369863013698,0.25,0
77,0.5949367088607594,0.4430379746835442,0.40540540540540543,0.12,0.0,0.0,0.6301369863013698,0.25,0
78,0.3797468354430379,0.5949367088607594,0.36486486486486486,0.29,0.0,0.0,0.6438356164383561,0.43,0
79,0.620253164556962,0.4430379746835442,0.24324324324324326,0.52,0.0,0.0,0.7397260273972602,0.63,0
80,0.45569620253164556,0.45569620253164556,0.49999999999999994,0.17,0.0,0.0,0.4246575342465753,0.26,0
81,0.21518987341772153,0.481012658227848,0.39189189189189194,0.11,0.0,0.0,0.6301369863013698,0.22,0
82,0.569620253164557,0.5569620253164556,0.49999999999999994,0.39,1.0,0.0,0.8082191780821917,0.4,0
83,0.44303797468354433,0.5569620253164556,0.4189189189189188,0.15,0.0,0.0,0.7123287671232876,0.26,0
84,0.4177215189873418,0.36708860759493667,0.48648648648648646,0.14,0.0,0.0,0.7534246575342466,0.37,0
85,0.3291139240506329,0.26582278481012656,0.4324324324324323,0.24,0.0,0.0,0.6027397260273972,0.18,0
86,0.35443037974683544,0.3291139240506329,0.39189189189189194,0.52,0.0,0.0,0.5068493150684931,0.16,0
87,0.35443037974683544,0.3291139240506329,0.39189189189189194,0.52,0.0,0.0,0.5068493150684931,0.16,0
88,0.4683544303797468,0.5569620253164556,0.3243243243243243,0.09,0.0,0.0,0.7123287671232876,0.42,0
89,0.6329113924050632,0.5569620253164556,0.25675675675675674,0.21,0.0,0.0,0.684931506849315,0.42,0
90,0.5063291139240506,0.4430379746835442,0.4324324324324323,0.22,0.0,0.0,0.684931506849315,0.28,0
91,0.5063291139240506,0.4430379746835442,0.4324324324324323,0.22,0.0,0.0,0.684931506849315,0.28,0
92,0.5316455696202531,0.5063291139240506,0.36486486486486486,0.17,0.0,0.0,0.6712328767123287,0.37,0
93,0.22784810126582275,0.6962025316455696,0.2837837837837837,0.26,0.0,0.0,0.6438356164383561,0.37,0
94,0.49367088607594933,0.40506329113924044,0.3108108108108108,0.15,0.0,0.0,0.7534246575342466,0.43,0
95,0.40506329113924044,0.3291139240506329,0.3378378378378378,0.28,0.0,0.0,0.547945205479452,0.22,0
96,0.2911392405063291,0.2784810126582278,0.47297297297297286,0.19,0.0,0.0,0.7123287671232876,0.25,0
97,0.4177215189873418,0.5063291139240506,0.35135135135135137,0.37,0.0,0.0,0.684931506849315,0.22,0
98,0.26582278481012656,0.26582278481012656,0.47297297297297286,0.17,0.0,0.0,0.7123287671232876,0.32,0
99,0.2911392405063291,0.26582278481012656,0.47297297297297286,0.18,0.0,0.0,0.7123287671232876,0.32,0
100,0.569620253164557,0.40506329113924044,0.4459459459459459,0.14,0.0,0.0,0.6986301369863014,0.26,0
101,0.430379746835443,0.3164556962025316,0.4459459459459459,0.18,0.0,0.0,0.6027397260273972,0.45,0
102,0.3924050632911392,0.240506329113924,0.47297297297297286,0.13,0.0,0.0,0.19178082191780824,0.27,0
103,0.49367088607594933,0.40506329113924044,0.3108108108108108,0.3,0.0,0.0,0.6438356164383561,0.4,0
104,0.1518987341772152,0.26582278481012656,0.2027027027027027,0.28,0.0,0.0,0.684931506849315,0.27,0
105,0.2911392405063291,0.22784810126582278,0.4594594594594594,0.37,0.0,0.0,0.684931506849315,0.3,0
106,0.6075949367088607,0.5063291139240506,0.2837837837837837,0.26,0.0,0.0,0.726027397260274,0.31,0
107,0.5822784810126581,0.45569620253164556,0.2972972972972972,0.16,0.0,0.0,0.6986301369863014,0.22,0
108,0.40506329113924044,0.240506329113924,0.40540540540540543,0.27,0.0,0.0,0.6438356164383561,0.27,0
109,0.5189873417721519,0.4430379746835442,0.37837837837837834,0.28,0.0,0.0,0.7397260273972602,0.22,0
110,0.40506329113924044,0.3164556962025316,0.3378378378378378,0.24,0.0,0.0,0.6301369863013698,0.33,0
111,0.4177215189873418,0.35443037974683533,0.24324324324324326,0.13,0.0,0.0,0.6712328767123287,0.42,0
112,0.5316455696202531,0.3924050632911392,0.2837837837837837,0.22,0.0,0.0,0.726027397260274,0.22,0
113,0.4177215189873418,0.5063291139240506,0.22972972972972966,0.17,0.0,0.0,0.7397260273972602,0.75,0
114,0.5189873417721519,0.45569620253164556,0.4189189189189188,0.57,0.0,0.0,0.6986301369863014,0.22,0
115,0.6455696202531646,0.6455696202531644,0.40540540540540543,0.2,0.0,0.0,0.6575342465753424,0.33,0
116,0.44303797468354433,0.240506329113924,0.4324324324324323,0.17,0.0,0.0,0.8356164383561643,0.25,0
117,0.4810126582278481,0.620253164556962,0.527027027027027,0.18,0.0,0.0,0.6301369863013698,0.43,0
118,0.49367088607594933,0.45569620253164556,0.35135135135135137,0.2,0.0,0.0,0.5890410958904109,0.52,0
119,0.08860759493670883,0.4430379746835442,0.27027027027027023,0.12,0.0,0.0,0.0,0.25,0
120,0.18987341772151897,0.3164556962025316,0.35135135135135137,0.36,0.0,0.0,0.6575342465753424,0.56,0
121,0.5316455696202531,0.481012658227848,0.3378378378378378,0.11,0.0,0.0,0.6712328767123287,0.41,0
122,0.44303797468354433,0.5569620253164556,0.35135135135135137,0.28,0.0,0.0,0.7123287671232876,0.22,0
123,0.7468354430379746,0.5063291139240506,0.21621621621621617,0.22,0.0,0.0,0.6986301369863014,0.28,0
124,0.5569620253164557,0.45569620253164556,0.25675675675675674,0.18,0.0,0.0,0.6712328767123287,0.22,0
125,0.36708860759493667,0.5063291139240506,0.47297297297297286,0.21,0.0,0.0,0.6575342465753424,0.33,0
126,0.40506329113924044,0.8860759493670884,0.39189189189189194,0.2,0.0,0.0,0.6438356164383561,0.4,0
127,0.5569620253164557,0.6582278481012658,0.3243243243243243,0.28,0.0,0.0,0.7534246575342466,0.22,0
128,0.3291139240506329,0.22784810126582278,0.36486486486486486,0.16,0.0,0.0,0.726027397260274,0.44,0
129,0.40506329113924044,0.3291139240506329,0.4459459459459459,0.13,0.0,0.0,0.5616438356164383,0.43,0
130,0.6962025316455696,0.5189873417721519,0.3108108108108108,0.16,0.0,0.0,0.7397260273972602,0.36,0
131,0.5949367088607594,0.4177215189873418,0.27027027027027023,0.34,0.0,0.0,0.684931506849315,0.43,0
132,0.35443037974683544,0.2151898734177215,0.40540540540540543,0.12,0.0,0.0,0.726027397260274,0.38,0
133,0.26582278481012656,0.40506329113924044,0.24324324324324326,0.2,0.0,0.0,0.7534246575342466,0.33,0
134,0.5063291139240506,0.5949367088607594,0.3378378378378378,0.26,0.0,0.0,0.7397260273972602,0.22,0
135,0.4810126582278481,0.4177215189873418,0.21621621621621617,0.46,0.0,0.0,0.7534246575342466,0.22,0
136,0.5189873417721519,0.3164556962025316,0.48648648648648646,0.12,0.0,0.0,0.5616438356164383,0.28,0
137,0.5316455696202531,0.3417721518987341,0.4189189189189188,0.12,0.0,0.0,0.726027397260274,0.32,0
138,0.5063291139240506,0.5443037974683544,0.48648648648648646,0.24,0.0,0.0,0.7123287671232876,0.51,0
139,0.45569620253164556,0.4177215189873418,0.39189189189189194,0.28,0.0,0.0,0.6027397260273972,0.46,0
140,0.35443037974683544,0.2784810126582278,0.3108108108108108,0.17,0.0,0.0,0.6712328767123287,0.22,0
141,0.5949367088607594,0.5443037974683544,0.35135135135135137,0.25,0.0,0.0,0.7808219178082191,0.35,0
142,0.569620253164557,0.6329113924050632,0.35135135135135137,0.2,0.0,0.0,0.4657534246575343,0.26,0
143,0.3924050632911392,0.189873417721519,0.4189189189189188,0.18,0.0,0.0,0.5753424657534246,0.22,0
144,0.31645569620253156,0.3291139240506329,0.39189189189189194,0.26,0.0,0.0,0.6712328767123287,0.22,0
145,0.45569620253164556,0.5822784810126581,0.14864864864864863,0.31,0.0,0.0,0.6986301369863014,0.36,0
146,0.4683544303797468,0.620253164556962,0.35135135135135137,0.3,0.0,0.0,0.6986301369863014,0.37,0
147,0.2784810126582278,0.4177215189873418,0.36486486486486486,0.29,0.0,0.0,0.684931506849315,0.55,0
148,0.35443037974683544,0.26582278481012656,0.5675675675675675,0.3,0.0,0.0,0.684931506849315,0.29,0
149,0.0,0.35443037974683533,0.5540540540540542,0.13,0.0,0.0,0.6164383561643836,0.29,0
150,0.36708860759493667,0.5063291139240506,0.24324324324324326,0.18,0.0,0.0,0.7397260273972602,0.31,0
151,0.31645569620253156,0.2151898734177215,0.3243243243243243,0.19,0.0,0.0,0.7534246575342466,0.3,0
152,0.30379746835443033,0.3924050632911392,0.37837837837837834,0.26,0.0,0.0,0.7123287671232876,0.26,0
153,0.40506329113924044,0.189873417721519,0.36486486486486486,0.34,0.0,0.0,0.7534246575342466,0.57,0
154,0.430379746835443,0.10126582278481011,0.3108108108108108,0.24,0.0,0.0,0.6301369863013698,0.31,0
155,0.4177215189873418,0.26582278481012656,0.47297297297297286,0.13,0.0,0.0,0.6712328767123287,0.26,0
156,0.9620253164556961,0.430379746835443,0.4594594594594594,0.47,0.0,0.0,0.8082191780821917,0.22,0
157,0.24050632911392403,0.5316455696202531,0.4324324324324323,0.16,0.0,0.0,0.8356164383561643,0.28,0
158,0.45569620253164556,0.430379746835443,0.3243243243243243,0.15,0.0,0.0,0.684931506849315,0.48,0
159,0.5063291139240506,0.26582278481012656,0.3108108108108108,0.16,0.0,0.0,0.726027397260274,0.21,0
160,0.670886075949367,0.7974683544303797,0.3378378378378378,0.18,0.0,0.0,0.6301369863013698,0.22,0
161,0.430379746835443,0.35443037974683533,0.4324324324324323,0.48,0.0,0.0,0.726027397260274,0.64,0
162,0.9999999999999999,0.5189873417721519,0.4459459459459459,0.2,0.0,0.0,0.6575342465753424,0.22,0
163,0.9746835443037974,0.5822784810126581,0.37837837837837834,0.39,0.0,0.0,0.5616438356164383,0.3,0
164,0.7468354430379746,0.481012658227848,0.2837837837837837,0.24,0.0,0.0,0.726027397260274,0.25,0
165,0.1772151898734177,0.29113924050632906,0.4324324324324323,0.3,0.0,0.0,0.7945205479452054,0.31,0
166,0.7341772151898733,0.620253164556962,0.3108108108108108,0.0,1.0,0.0,0.6438356164383561,0.22,0
167,0.5949367088607594,0.481012658227848,0.40540540540540543,0.16,0.0,0.0,0.4657534246575343,0.22,0
168,0.35443037974683544,0.36708860759493667,0.3108108108108108,0.1,0.0,0.0,0.6712328767123287,0.65,0
169,0.670886075949367,0.49367088607594933,0.3243243243243243,0.26,0.0,0.0,0.6986301369863014,0.31,0
170,0.2784810126582278,0.3164556962025316,0.25675675675675674,0.19,0.0,0.0,0.7397260273972602,0.37,0
171,0.6329113924050632,0.4177215189873418,0.24324324324324326,0.47,0.0,0.0,0.684931506849315,0.37,0
172,0.3291139240506329,0.36708860759493667,0.4594594594594594,0.13,0.0,0.0,0.6986301369863014,0.22,0
173,0.7088607594936709,0.4177215189873418,0.4324324324324323,0.3,0.0,0.0,0.7808219178082191,0.27,0
174,0.3797468354430379,0.4430379746835442,0.37837837837837834,0.24,0.0,0.0,0.5068493150684931,0.51,0
175,0.4683544303797468,0.4177215189873418,0.4324324324324323,0.26,0.0,0.0,0.6027397260273972,0.22,0
176,0.4177215189873418,0.36708860759493667,0.4189189189189188,0.22,0.0,0.0,0.684931506849315,0.25,0
177,0.5316455696202531,0.5189873417721519,0.22972972972972966,0.18,0.0,0.0,0.726027397260274,0.31,0
178,0.36708860759493667,0.30379746835443033,0.37837837837837834,0.13,0.0,0.0,0.6575342465753424,0.22,0
179,0.430379746835443,0.3417721518987341,0.22972972972972966,0.22,0.0,0.0,0.6986301369863014,0.48,0
180,0.3417721518987341,0.4430379746835442,0.3378378378378378,0.13,0.0,0.0,0.684931506849315,0.32,0
181,0.4810126582278481,0.4430379746835442,0.35135135135135137,0.2,0.0,0.0,0.7534246575342466,0.22,0
182,0.31645569620253156,0.3291139240506329,0.37837837837837834,0.16,0.0,0.0,0.684931506849315,0.28,0
183,0.5443037974683544,0.5063291139240506,0.2972972972972972,0.14,0.0,0.0,0.6712328767123287,0.33,0
184,0.3291139240506329,0.4430379746835442,0.3243243243243243,0.26,0.0,0.0,0.7123287671232876,0.39,0
185,0.1772151898734177,0.3291139240506329,0.3243243243243243,0.23,0.0,0.0,0.684931506849315,0.28,0
186,0.4810126582278481,0.7341772151898733,0.37837837837837834,0.13,0.0,0.0,0.7945205479452054,0.22,0
187,0.569620253164557,0.4683544303797468,0.40540540540540543,0.26,0.0,0.0,0.726027397260274,0.27,0
188,0.3797468354430379,0.5063291139240506,0.2027027027027027,0.15,0.0,0.0,0.7397260273972602,0.25,0
189,0.49367088607594933,0.40506329113924044,0.36486486486486486,0.21,0.0,0.0,0.3835616438356165,0.22,0
190,0.2784810126582278,0.2784810126582278,0.40540540540540543,0.19,0.0,0.0,0.684931506849315,0.22,0
191,0.430379746835443,0.4430379746835442,0.40540540540540543,0.56,0.0,0.0,0.6438356164383561,0.22,0
192,0.569620253164557,0.5822784810126581,0.37837837837837834,0.18,0.0,0.0,0.6575342465753424,0.46,0
193,0.2784810126582278,0.3291139240506329,0.35135135135135137,0.09,0.0,0.0,0.6438356164383561,0.28,0
194,0.4683544303797468,0.35443037974683533,0.37837837837837834,0.39,0.0,0.0,0.6986301369863014,0.22,0
195,0.24050632911392403,0.2151898734177215,0.27027027027027023,0.32,0.0,0.0,0.6164383561643836,0.22,0
196,0.3417721518987341,0.16455696202531644,0.4594594594594594,0.1,0.0,0.0,0.6575342465753424,0.44,0
197,0.7215189873417721,0.3291139240506329,0.3243243243243243,0.15,0.0,0.0,0.6575342465753424,0.37,0
198,0.6455696202531646,0.35443037974683533,0.35135135135135137,0.17,0.0,0.0,0.6575342465753424,0.22,0
199,0.5189873417721519,0.30379746835443033,0.2972972972972972,0.13,0.0,0.0,0.7534246575342466,0.22,0
200,0.26582278481012656,0.4430379746835442,0.3108108108108108,0.17,0.0,0.0,0.6438356164383561,0.22,0
201,0.2911392405063291,0.2784810126582278,0.4324324324324323,0.2,0.0,0.0,0.6301369863013698,0.32,0
202,0.2784810126582278,0.10126582278481011,0.36486486486486486,0.15,1.0,0.0,0.7123287671232876,0.5,0
203,0.4810126582278481,0.40506329113924044,0.4189189189189188,0.24,0.0,0.0,0.6438356164383561,0.38,0
204,0.36708860759493667,0.189873417721519,0.2972972972972972,0.06,0.0,0.0,0.6712328767123287,0.42,0
205,0.5063291139240506,0.3291139240506329,0.40540540540540543,0.25,0.0,0.0,0.6986301369863014,0.33,0
206,0.3291139240506329,0.3924050632911392,0.3378378378378378,0.56,0.0,0.0,0.684931506849315,0.38,0
207,0.22784810126582275,0.3417721518987341,0.2027027027027027,0.48,0.0,0.0,0.726027397260274,0.3,0
208,0.16455696202531642,0.35443037974683533,0.2837837837837837,0.16,0.0,0.0,0.6986301369863014,0.38,0
209,0.6329113924050632,0.3291139240506329,0.36486486486486486,0.14,0.0,0.0,0.5890410958904109,0.26,0
210,0.35443037974683544,0.03797468354430378,0.4459459459459459,0.08,0.0,0.0,0.6986301369863014,0.27,0
211,0.2784810126582278,0.189873417721519,0.3243243243243243,0.4,0.0,0.0,0.6301369863013698,0.61,0
212,0.5063291139240506,0.5316455696202531,0.40540540540540543,0.18,0.0,0.0,0.684931506849315,0.38,0
213,0.40506329113924044,0.4430379746835442,0.36486486486486486,0.18,0.0,0.0,0.6301369863013698,0.22,0
214,0.45569620253164556,0.3797468354430379,0.2972972972972972,0.16,0.0,0.0,0.6301369863013698,0.27,0
215,0.5189873417721519,0.4683544303797468,0.3378378378378378,0.2,0.0,0.0,0.6986301369863014,0.22,0
216,0.2784810126582278,0.189873417721519,0.35135135135135137,0.15,0.0,0.0,0.6986301369863014,0.86,0
217,0.31645569620253156,0.4430379746835442,0.3243243243243243,0.13,0.0,0.0,0.6712328767123287,0.6,0
218,0.430379746835443,0.5189873417721519,0.3108108108108108,0.29,0.0,0.0,0.6712328767123287,0.25,0
219,0.5569620253164557,0.5822784810126581,0.36486486486486486,0.15,0.0,0.0,0.6712328767123287,0.22,0
220,0.25316455696202533,0.3291139240506329,0.39189189189189194,0.28,0.0,0.0,0.6301369863013698,0.31,0
221,0.40506329113924044,0.35443037974683533,0.3378378378378378,0.34,0.0,0.0,0.6712328767123287,0.28,0
222,0.670886075949367,0.4683544303797468,0.36486486486486486,0.1,0.0,0.0,0.6986301369863014,0.22,0
223,0.3797468354430379,0.49367088607594933,0.40540540540540543,0.26,0.0,0.0,0.6575342465753424,0.32,0
224,0.4683544303797468,0.430379746835443,0.4459459459459459,0.41,0.0,0.0,0.767123287671233,0.27,0
225,0.4810126582278481,0.45569620253164556,0.3378378378378378,0.29,0.0,0.0,0.7123287671232876,0.71,0
226,0.3797468354430379,0.49367088607594933,0.3378378378378378,0.22,0.0,0.0,0.7123287671232876,0.44,0
227,0.5063291139240506,0.6075949367088607,0.3243243243243243,0.23,0.0,0.0,0.7123287671232876,0.61,0
228,0.5443037974683544,0.5063291139240506,0.36486486486486486,0.17,0.0,0.0,0.6986301369863014,0.39,0
229,0.5316455696202531,0.4177215189873418,0.37837837837837834,0.37,0.0,0.0,0.6986301369863014,0.3,0
230,0.5949367088607594,0.22784810126582278,0.4594594594594594,0.12,0.0,0.0,0.6438356164383561,0.33,0
231,0.4810126582278481,0.6835443037974683,0.3243243243243243,0.28,0.0,0.0,0.5890410958904109,0.22,0
232,0.4177215189873418,0.2531645569620253,0.39189189189189194,0.16,0.0,0.0,0.6712328767123287,0.22,0
233,0.4177215189873418,0.40506329113924044,0.36486486486486486,0.19,0.0,0.0,0.5616438356164383,0.28,0
234,0.5822784810126581,0.5316455696202531,0.35135135135135137,0.16,0.0,0.0,0.6712328767123287,0.39,0
235,0.26582278481012656,0.45569620253164556,0.36486486486486486,0.28,0.0,0.0,0.684931506849315,0.5,0
236,0.44303797468354433,0.35443037974683533,0.4324324324324323,0.1,0.0,0.0,0.6575342465753424,0.22,0
237,0.5822784810126581,0.481012658227848,0.4324324324324323,0.22,0.0,0.0,0.6986301369863014,0.22,0
238,0.2911392405063291,0.5696202531645569,0.3243243243243243,0.26,0.0,0.0,0.6986301369863014,0.22,0
239,0.5569620253164557,0.40506329113924044,0.4324324324324323,0.25,0.0,0.0,0.6712328767123287,0.22,0
240,0.36708860759493667,0.670886075949367,0.10810810810810811,0.21,0.0,0.0,0.7123287671232876,0.26,0
241,0.3924050632911392,0.10126582278481011,0.4459459459459459,0.3,0.0,0.0,0.6438356164383561,0.27,0
242,0.30379746835443033,0.3417721518987341,0.24324324324324326,0.25,0.0,0.0,0.726027397260274,0.57,0
243,0.430379746835443,0.45569620253164556,0.4189189189189188,0.25,0.0,0.0,0.6575342465753424,0.22,0
244,0.569620253164557,0.481012658227848,0.08108108108108109,0.49,0.0,0.0,0.6575342465753424,0.22,0
245,0.3291139240506329,0.5696202531645569,0.3243243243243243,0.22,0.0,0.0,0.6438356164383561,0.22,0
246,0.45569620253164556,0.40506329113924044,0.3378378378378378,0.33,0.0,0.0,0.6301369863013698,0.26,0
247,0.49367088607594933,0.29113924050632906,0.5135135135135136,0.37,0.0,0.0,0.5068493150684931,0.33,0
248,0.40506329113924044,0.3924050632911392,0.5135135135135136,0.19,0.0,0.0,0.5205479452054794,0.33,0
249,0.7721518987341771,0.481012658227848,0.35135135135135137,0.08,0.0,0.0,0.7397260273972602,0.22,0
250,0.30379746835443033,0.35443037974683533,0.36486486486486486,0.27,0.0,0.0,0.6438356164383561,0.29,0
251,0.569620253164557,0.45569620253164556,0.37837837837837834,0.15,0.0,0.0,0.684931506849315,0.35,0
252,0.5822784810126581,0.30379746835443033,0.22972972972972966,0.27,0.0,0.0,0.726027397260274,0.28,0
253,0.5822784810126581,0.45569620253164556,0.47297297297297286,0.26,0.0,0.0,0.7123287671232876,0.22,0
254,0.4683544303797468,0.40506329113924044,0.49999999999999994,0.19,0.0,0.0,0.7945205479452054,0.22,0
255,0.2911392405063291,0.4430379746835442,0.2837837837837837,0.19,0.0,0.0,0.684931506849315,0.3,0
256,0.5443037974683544,0.5569620253164556,0.39189189189189194,0.18,0.0,0.0,0.684931506849315,0.22,0
257,0.3417721518987341,0.3924050632911392,0.39189189189189194,0.44,0.0,0.0,0.6438356164383561,0.51,0
258,0.36708860759493667,0.2151898734177215,0.4189189189189188,0.13,0.0,0.0,0.6301369863013698,0.22,0
259,0.20253164556962025,0.22784810126582278,0.39189189189189194,0.13,0.0,0.0,0.684931506849315,0.22,0
260,0.5189873417721519,0.4177215189873418,0.40540540540540543,0.25,0.0,0.0,0.7123287671232876,0.22,0
261,0.4177215189873418,0.4683544303797468,0.39189189189189194,0.24,0.0,0.0,0.6575342465753424,0.22,0
262,0.2911392405063291,0.430379746835443,0.2972972972972972,0.32,0.0,0.0,0.5753424657534246,0.22,0
263,0.49367088607594933,0.5443037974683544,0.49999999999999994,0.25,0.0,0.0,0.5753424657534246,0.22,0
264,0.25316455696202533,0.5949367088607594,0.527027027027027,0.18,0.0,0.0,0.6301369863013698,0.22,0
265,0.5822784810126581,0.36708860759493667,0.49999999999999994,0.22,0.0,0.0,0.9315068493150686,0.32,0
266,0.3291139240506329,0.40506329113924044,0.36486486486486486,0.14,0.0,0.0,0.6712328767123287,0.22,0
267,0.31645569620253156,0.45569620253164556,0.39189189189189194,0.21,0.0,0.0,0.7534246575342466,0.33,0
268,0.22784810126582275,0.3417721518987341,0.3243243243243243,0.16,0.0,0.0,0.6986301369863014,0.34,0
269,0.3291139240506329,0.2151898734177215,0.3378378378378378,0.15,0.0,0.0,0.7945205479452054,0.26,0
270,0.4177215189873418,0.620253164556962,0.36486486486486486,0.27,0.0,0.0,0.6712328767123287,0.22,0
271,0.569620253164557,0.6075949367088607,0.35135135135135137,0.19,0.0,0.0,0.7123287671232876,0.32,0
272,0.620253164556962,0.5569620253164556,0.35135135135135137,0.14,0.0,0.0,0.6301369863013698,0.48,0
273,0.3924050632911392,0.3164556962025316,0.35135135135135137,0.29,0.0,0.0,0.5753424657534246,0.22,0
274,0.3797468354430379,0.4177215189873418,0.4324324324324323,0.08,0.0,0.0,0.6986301369863014,0.28,0
275,0.44303797468354433,0.45569620253164556,0.39189189189189194,0.18,0.0,0.0,0.767123287671233,0.22,0
276,0.45569620253164556,0.30379746835443033,0.27027027027027023,0.28,0.0,0.0,0.7123287671232876,0.99,0
277,0.4683544303797468,0.4683544303797468,0.2837837837837837,0.29,0.0,0.0,0.6301369863013698,0.27,0
278,0.4810126582278481,0.45569620253164556,0.35135135135135137,0.18,0.0,0.0,0.6986301369863014,0.25,0
279,0.5443037974683544,0.5822784810126581,0.4189189189189188,0.34,0.0,0.0,0.6712328767123287,0.22,0
280,0.45569620253164556,0.3924050632911392,0.36486486486486486,0.18,0.0,0.0,0.6438356164383561,0.29,0
281,0.36708860759493667,0.45569620253164556,0.36486486486486486,0.23,0.0,0.0,0.6027397260273972,0.26,0
282,0.430379746835443,0.6582278481012658,0.3378378378378378,0.17,0.0,0.0,0.6712328767123287,0.22,0
283,0.3924050632911392,0.36708860759493667,0.39189189189189194,0.31,0.0,0.0,0.5890410958904109,0.22,0
284,0.430379746835443,0.35443037974683533,0.36486486486486486,0.49,0.0,0.0,0.6712328767123287,0.31,0
285,0.3924050632911392,0.189873417721519,0.3108108108108108,0.22,0.0,0.0,0.7534246575342466,0.34,0
286,0.45569620253164556,0.4683544303797468,0.2837837837837837,0.22,0.0,0.0,0.726027397260274,0.45,0
287,0.3291139240506329,0.430379746835443,0.3108108108108108,0.12,0.0,0.0,0.6438356164383561,0.31,0
288,0.26582278481012656,0.5949367088607594,0.2972972972972972,0.13,0.0,0.0,0.726027397260274,0.22,0
289,0.44303797468354433,0.5443037974683544,0.40540540540540543,0.25,0.0,0.0,0.5890410958904109,0.22,0
290,0.10126582278481011,0.03797468354430378,0.5675675675675675,0.36,0.0,0.0,0.6712328767123287,0.21,0
291,0.45569620253164556,0.5443037974683544,0.3378378378378378,0.2,0.0,0.0,0.7123287671232876,0.59,0
292,0.36708860759493667,0.7848101265822784,0.24324324324324326,0.12,0.0,0.0,0.6712328767123287,0.22,0
293,0.4683544303797468,0.5316455696202531,0.4324324324324323,0.18,0.0,0.0,0.5205479452054794,0.69,0
294,0.2784810126582278,0.430379746835443,0.39189189189189194,0.24,0.0,0.0,0.6164383561643836,0.67,0
295,0.6962025316455696,0.3797468354430379,0.4189189189189188,0.6,0.0,0.0,0.2602739726027397,0.33,0
296,0.5569620253164557,0.3417721518987341,0.48648648648648646,0.22,0.0,0.0,0.5068493150684931,0.28,0
297,0.2784810126582278,0.4177215189873418,0.4594594594594594,0.18,0.0,0.0,0.6986301369863014,0.26,0
298,0.5063291139240506,0.4683544303797468,0.37837837837837834,0.11,0.0,0.0,0.821917808219178,0.22,0
299,0.5443037974683544,0.5949367088607594,0.4189189189189188,0.17,0.0,0.0,0.6027397260273972,0.22,0
300,0.31645569620253156,0.240506329113924,0.39189189189189194,0.27,0.0,0.0,0.6438356164383561,0.43,0
301,0.44303797468354433,0.35443037974683533,0.25675675675675674,0.23,0.0,0.0,0.6575342465753424,0.22,0
302,0.36708860759493667,0.3291139240506329,0.4594594594594594,0.23,0.0,0.0,0.7123287671232876,0.31,0
303,0.5822784810126581,0.5316455696202531,0.3378378378378378,0.18,0.0,0.0,0.6986301369863014,0.43,0
304,0.4177215189873418,0.3797468354430379,0.27027027027027023,0.28,0.0,0.0,0.6164383561643836,0.29,0
305,0.44303797468354433,0.4683544303797468,0.3243243243243243,0.28,0.0,0.0,0.684931506849315,0.37,0
306,0.3417721518987341,0.5696202531645569,0.27027027027027023,0.21,0.0,0.0,0.7123287671232876,0.22,0
307,0.20253164556962025,0.4177215189873418,0.35135135135135137,0.17,0.0,0.0,0.6712328767123287,0.44,0
308,0.5189873417721519,0.40506329113924044,0.25675675675675674,0.13,0.0,0.0,0.6575342465753424,0.22,0
309,0.3291139240506329,0.20253164556962022,0.25675675675675674,0.15,0.0,0.0,0.6712328767123287,0.22,0
310,0.3291139240506329,0.4430379746835442,0.5540540540540542,0.37,0.0,0.0,0.767123287671233,0.62,0
311,0.4177215189873418,0.5822784810126581,0.37837837837837834,0.18,0.0,0.0,0.6712328767123287,0.22,0
312,0.4683544303797468,0.6582278481012658,0.1351351351351351,0.24,0.0,0.0,0.7397260273972602,0.31,0
313,0.6075949367088607,0.45569620253164556,0.25675675675675674,0.22,0.0,0.0,0.6164383561643836,0.31,0
314,0.7848101265822784,0.49367088607594933,0.4459459459459459,0.25,0.0,0.0,0.6986301369863014,0.22,0
315,0.1518987341772152,0.0,0.3378378378378378,0.16,0.0,0.0,0.726027397260274,0.51,0
316,0.4810126582278481,0.5949367088607594,0.37837837837837834,0.35,0.0,0.0,0.726027397260274,0.46,0
317,0.5189873417721519,0.22784810126582278,0.40540540540540543,0.16,0.0,0.0,0.7534246575342466,0.22,0
318,0.4810126582278481,0.4430379746835442,0.3378378378378378,0.21,0.0,0.0,0.726027397260274,0.22,0
319,0.4810126582278481,0.5949367088607594,0.21621621621621617,0.18,0.0,0.0,0.7945205479452054,0.28,0
320,0.620253164556962,0.620253164556962,0.37837837837837834,0.11,0.0,0.0,0.6986301369863014,0.22,0
321,0.5569620253164557,0.430379746835443,0.36486486486486486,0.2,0.0,0.0,0.547945205479452,0.22,0
322,0.45569620253164556,0.240506329113924,0.3378378378378378,0.24,0.0,0.0,0.7397260273972602,0.27,0
323,0.5316455696202531,0.15189873417721517,0.4459459459459459,0.27,0.0,0.0,0.6164383561643836,0.26,0
324,0.25316455696202533,0.4683544303797468,0.37837837837837834,0.32,0.0,0.0,0.726027397260274,0.31,0
325,0.1772151898734177,0.2531645569620253,0.2972972972972972,0.18,0.0,0.0,0.5753424657534246,0.33,0
326,0.4177215189873418,0.3291139240506329,0.49999999999999994,0.11,0.0,0.0,0.6712328767123287,0.26,0
327,0.3417721518987341,0.36708860759493667,0.2837837837837837,0.12,0.0,0.0,0.6438356164383561,0.53,0
328,0.3417721518987341,0.481012658227848,0.40540540540540543,0.21,0.0,0.0,0.6575342465753424,0.31,0
329,0.430379746835443,0.5569620253164556,0.35135135135135137,0.21,0.0,0.0,0.7397260273972602,0.38,0
330,0.6962025316455696,0.6582278481012658,0.36486486486486486,0.17,0.0,0.0,0.6438356164383561,0.66,0
331,0.4683544303797468,0.5189873417721519,0.40540540540540543,0.29,0.0,0.0,0.6986301369863014,0.43,0
332,0.5949367088607594,0.6455696202531644,0.21621621621621617,0.3,0.0,0.0,0.7397260273972602,0.22,0
333,0.5949367088607594,0.30379746835443033,0.4324324324324323,0.16,0.0,0.0,0.6986301369863014,0.22,0
334,0.45569620253164556,0.430379746835443,0.3243243243243243,0.19,0.0,0.0,0.6986301369863014,0.26,0
335,0.5569620253164557,0.3164556962025316,0.35135135135135137,0.16,0.0,0.0,0.6712328767123287,0.64,0
336,0.3797468354430379,0.3291139240506329,0.47297297297297286,0.17,0.0,0.0,0.684931506849315,0.61,0
337,0.3797468354430379,0.5443037974683544,0.36486486486486486,0.16,0.0,0.0,0.7534246575342466,0.26,0
338,0.4177215189873418,0.6582278481012658,0.3108108108108108,0.16,0.0,0.0,0.6575342465753424,0.31,0
339,0.4810126582278481,0.481012658227848,0.35135135135135137,0.13,0.0,0.0,0.6986301369863014,0.33,0
340,0.430379746835443,0.3417721518987341,0.40540540540540543,0.15,0.0,0.0,0.7123287671232876,0.22,0
341,0.5569620253164557,0.8354430379746834,0.25675675675675674,0.25,0.0,0.0,0.6986301369863014,0.22,0
342,0.5949367088607594,0.481012658227848,0.49999999999999994,0.2,0.0,0.0,0.684931506849315,0.42,0
343,0.6582278481012658,0.5696202531645569,0.4189189189189188,0.1,0.0,0.0,0.7123287671232876,0.33,0
344,0.5443037974683544,0.6835443037974683,0.40540540540540543,0.15,0.0,0.0,0.7808219178082191,0.33,0
345,0.3797468354430379,0.5822784810126581,0.527027027027027,0.14,0.0,0.0,0.6712328767123287,0.33,0
346,0.45569620253164556,0.3164556962025316,0.3243243243243243,0.15,0.0,0.0,0.6712328767123287,0.47,0
347,0.2784810126582278,0.050632911392405056,0.35135135135135137,0.13,0.0,0.0,0.6986301369863014,0.75,0
348,0.45569620253164556,0.4177215189873418,0.36486486486486486,0.12,0.0,0.0,0.6986301369863014,0.25,0
349,0.5822784810126581,0.20253164556962022,0.49999999999999994,0.22,0.0,0.0,0.6712328767123287,0.27,0
350,0.5189873417721519,0.45569620253164556,0.4459459459459459,0.21,0.0,0.0,0.6438356164383561,0.22,0
351,0.3797468354430379,0.36708860759493667,0.36486486486486486,0.17,0.0,0.0,0.6575342465753424,0.58,0
352,0.49367088607594933,0.4683544303797468,0.2972972972972972,0.34,0.0,0.0,0.7123287671232876,0.27,0
353,0.49367088607594933,0.3797468354430379,0.40540540540540543,0.17,0.0,0.0,0.47945205479452047,0.22,0
354,0.31645569620253156,0.49367088607594933,0.47297297297297286,0.33,0.0,0.0,0.7123287671232876,0.37,0
355,0.4810126582278481,0.29113924050632906,0.2837837837837837,0.28,0.0,0.0,0.767123287671233,0.54,0
356,0.2911392405063291,0.36708860759493667,0.2972972972972972,0.19,0.0,0.0,0.6301369863013698,0.31,0
357,0.620253164556962,0.5569620253164556,0.49999999999999994,0.22,0.0,0.0,0.684931506849315,0.49,0
358,0.5316455696202531,0.3924050632911392,0.37837837837837834,0.52,0.0,0.0,0.6712328767123287,0.38,0
359,0.569620253164557,0.45569620253164556,0.2837837837837837,0.13,0.0,0.0,0.7123287671232876,0.22,0
360,0.5569620253164557,0.45569620253164556,0.4594594594594594,0.18,0.0,0.0,0.6986301369863014,0.22,0
361,0.670886075949367,0.5443037974683544,0.35135135135135137,0.17,0.0,0.0,0.7397260273972602,0.47,0
362,0.36708860759493667,0.40506329113924044,0.25675675675675674,0.15,0.0,0.0,0.726027397260274,0.48,0
363,0.430379746835443,0.481012658227848,0.22972972972972966,0.22,0.0,0.0,0.7808219178082191,0.22,0
364,0.5822784810126581,0.5063291139240506,0.4594594594594594,0.28,0.0,0.0,0.7123287671232876,0.45,0
365,0.26582278481012656,0.2151898734177215,0.4189189189189188,0.38,0.0,0.0,0.684931506849315,0.25,0
366,0.21518987341772153,0.35443037974683533,0.27027027027027023,0.18,0.0,0.0,0.6438356164383561,0.39,0
367,0.1772151898734177,0.35443037974683533,0.2837837837837837,0.14,0.0,0.0,0.767123287671233,0.68,0
368,0.36708860759493667,0.3924050632911392,0.2837837837837837,0.25,0.0,0.0,0.7397260273972602,0.56,0
369,0.22784810126582275,0.3291139240506329,0.27027027027027023,0.36,0.0,0.0,0.6986301369863014,0.22,0
370,0.5443037974683544,0.5189873417721519,0.40540540540540543,0.18,0.0,0.0,0.6301369863013698,0.29,0
371,0.5949367088607594,0.3924050632911392,0.25675675675675674,0.32,0.0,0.0,0.7123287671232876,0.37,0
372,0.36708860759493667,0.3417721518987341,0.24324324324324326,0.37,0.0,0.0,0.726027397260274,0.25,0
373,0.45569620253164556,0.3417721518987341,0.49999999999999994,0.19,0.0,0.0,0.7123287671232876,0.32,0
374,0.2784810126582278,0.3164556962025316,0.2837837837837837,0.14,0.0,0.0,0.6986301369863014,0.47,0
375,0.3417721518987341,0.3924050632911392,0.4189189189189188,0.14,0.0,0.0,0.726027397260274,0.52,0
376,0.2911392405063291,0.1392405063291139,0.3378378378378378,0.15,0.0,0.0,0.7397260273972602,0.4,0
377,0.31645569620253156,0.4430379746835442,0.47297297297297286,0.26,0.0,0.0,0.684931506849315,0.16,0
378,0.3797468354430379,0.15189873417721517,0.4459459459459459,0.44,0.0,0.0,0.821917808219178,0.69,0
379,0.5822784810126581,0.5822784810126581,0.3108108108108108,0.86,0.0,0.0,0.6438356164383561,0.22,0
380,0.3417721518987341,0.3417721518987341,0.1756756756756757,0.19,0.0,0.0,0.6301369863013698,0.62,0
381,0.1772151898734177,0.3417721518987341,0.35135135135135137,0.15,0.0,0.0,0.767123287671233,0.28,0
382,0.5949367088607594,0.5443037974683544,0.16216216216216212,0.39,0.0,0.0,0.7397260273972602,0.57,0
383,0.6075949367088607,0.6835443037974683,0.37837837837837834,0.19,0.0,0.0,0.6575342465753424,0.6,0
384,0.45569620253164556,0.3797468354430379,0.47297297297297286,0.4,0.0,0.0,0.6575342465753424,0.47,0
385,0.40506329113924044,0.3417721518987341,0.4594594594594594,0.16,0.0,0.0,0.726027397260274,0.39,0
386,0.4683544303797468,0.12658227848101267,0.4189189189189188,0.27,0.0,0.0,0.6575342465753424,0.47,0
387,0.36708860759493667,0.3924050632911392,0.3108108108108108,0.47,0.0,0.0,0.6712328767123287,0.27,0
388,0.3291139240506329,0.4177215189873418,0.1891891891891892,0.27,0.0,0.0,0.6164383561643836,0.22,0
389,0.5063291139240506,0.26582278481012656,0.3243243243243243,0.19,0.0,0.0,0.684931506849315,0.22,0
390,0.5949367088607594,0.4683544303797468,0.3243243243243243,0.12,0.0,0.0,0.6575342465753424,0.25,0
391,0.3797468354430379,0.3291139240506329,0.24324324324324326,0.34,0.0,0.0,0.6575342465753424,0.4,0
392,0.3417721518987341,0.30379746835443033,0.40540540540540543,0.21,0.0,0.0,0.6712328767123287,0.22,0
393,0.569620253164557,0.49367088607594933,0.2972972972972972,0.17,0.0,0.0,0.6301369863013698,0.22,0
394,0.569620253164557,0.3797468354430379,0.37837837837837834,0.16,0.0,0.0,0.684931506849315,0.22,0
395,0.30379746835443033,0.3291139240506329,0.4189189189189188,0.11,0.0,0.0,0.6575342465753424,0.22,0
396,0.40506329113924044,0.5189873417721519,0.4324324324324323,0.16,0.0,0.0,0.684931506849315,0.36,0
397,0.36708860759493667,0.26582278481012656,0.35135135135135137,0.17,0.0,0.0,0.6438356164383561,0.51,0
398,0.40506329113924044,0.36708860759493667,0.37837837837837834,0.22,0.0,0.0,0.7808219178082191,0.33,0
399,0.3291139240506329,0.26582278481012656,0.4324324324324323,0.24,0.0,0.0,0.6027397260273972,0.18,0
400,0.3291139240506329,0.11392405063291139,0.5135135135135136,0.35,0.0,0.0,0.6438356164383561,0.22,0
401,0.4810126582278481,0.30379746835443033,0.4459459459459459,0.17,0.0,0.0,0.6986301369863014,0.22,0
402,0.4177215189873418,0.5063291139240506,0.35135135135135137,0.37,0.0,0.0,0.684931506849315,0.22,0
403,0.5443037974683544,0.40506329113924044,0.48648648648648646,0.13,0.0,0.0,0.7123287671232876,0.26,0
404,0.2784810126582278,0.30379746835443033,0.37837837837837834,0.28,0.0,0.0,0.726027397260274,0.27,0
405,0.2784810126582278,0.3164556962025316,0.36486486486486486,0.26,0.0,0.0,0.7123287671232876,0.27,0
406,0.5443037974683544,0.49367088607594933,0.37837837837837834,0.2,0.0,0.0,0.7534246575342466,0.25,0
407,0.4683544303797468,0.5189873417721519,0.36486486486486486,0.6,0.0,0.0,0.726027397260274,0.31,0
408,0.31645569620253156,0.3924050632911392,0.3378378378378378,0.17,0.0,0.0,0.821917808219178,0.19,0
409,0.2784810126582278,0.4430379746835442,0.39189189189189194,0.16,0.0,0.0,0.726027397260274,0.75,0
410,0.25316455696202533,0.36708860759493667,0.2972972972972972,0.17,0.0,0.0,0.6712328767123287,0.53,0
411,0.49367088607594933,0.36708860759493667,0.4189189189189188,0.49,0.0,0.0,0.6575342465753424,0.27,0
412,0.3924050632911392,0.189873417721519,0.3378378378378378,0.23,0.0,0.0,0.726027397260274,0.27,0
413,0.35443037974683544,0.3924050632911392,0.37837837837837834,0.24,0.0,0.0,0.6986301369863014,0.49,0
414,0.30379746835443033,0.36708860759493667,0.40540540540540543,0.28,0.0,0.0,0.6438356164383561,0.22,0
415,0.45569620253164556,0.430379746835443,0.37837837837837834,0.19,0.0,0.0,0.6986301369863014,0.33,0
416,0.44303797468354433,0.5063291139240506,0.2837837837837837,0.37,0.0,0.0,0.6986301369863014,0.36,0
417,0.3417721518987341,0.3164556962025316,0.37837837837837834,0.24,0.0,0.0,0.7397260273972602,0.22,0
418,0.2784810126582278,0.36708860759493667,0.39189189189189194,0.23,0.0,0.0,0.7123287671232876,0.43,0
419,0.45569620253164556,0.5316455696202531,0.4189189189189188,0.17,0.0,0.0,0.7123287671232876,0.66,0
420,0.49367088607594933,0.3797468354430379,0.3243243243243243,0.17,0.0,0.0,0.6301369863013698,0.47,0
421,0.10126582278481011,0.670886075949367,0.4594594594594594,0.14,0.0,0.0,0.273972602739726,0.25,0
422,0.4683544303797468,0.050632911392405056,0.14864864864864863,0.33,0.0,0.0,0.6027397260273972,0.36,0
423,0.430379746835443,0.29113924050632906,0.3243243243243243,0.19,0.0,0.0,0.726027397260274,0.7,0
424,0.5316455696202531,0.481012658227848,0.37837837837837834,0.21,0.0,0.0,0.6164383561643836,0.22,0
425,0.4810126582278481,0.3164556962025316,0.3108108108108108,0.15,0.0,0.0,0.726027397260274,0.25,0
426,0.36708860759493667,0.3797468354430379,0.3108108108108108,0.17,0.0,0.0,0.6986301369863014,0.36,0
427,0.30379746835443033,0.20253164556962022,0.27027027027027023,0.14,0.0,0.0,0.7397260273972602,0.66,0
428,0.3797468354430379,0.430379746835443,0.3243243243243243,0.14,0.0,0.0,0.726027397260274,0.37,0
429,0.5063291139240506,0.3417721518987341,0.40540540540540543,0.17,0.0,0.6024096385542169,0.6712328767123287,0.22,0
430,0.36708860759493667,0.3291139240506329,0.4594594594594594,0.15,0.0,0.0,0.7945205479452054,0.3,0
431,0.36708860759493667,0.36708860759493667,0.4189189189189188,0.35,0.0,0.0,0.726027397260274,0.25,0
432,0.44303797468354433,0.3924050632911392,0.35135135135135137,0.11,0.0,0.0,0.684931506849315,0.22,0
433,0.45569620253164556,0.3291139240506329,0.3243243243243243,0.11,0.0,0.0,0.6712328767123287,0.4,0
434,0.430379746835443,0.3417721518987341,0.3243243243243243,0.16,0.0,0.0,0.684931506849315,0.22,0
435,0.40506329113924044,0.3924050632911392,0.2972972972972972,0.22,0.0,0.0,0.6986301369863014,0.22,0
436,0.7848101265822784,0.6329113924050632,0.21621621621621617,0.3,0.0,0.0,0.6712328767123287,0.22,0
437,0.40506329113924044,0.5063291139240506,0.35135135135135137,0.13,0.0,0.0,0.7534246575342466,0.22,0
438,0.44303797468354433,0.5063291139240506,0.35135135135135137,0.15,0.0,0.0,0.7945205479452054,0.22,0
439,0.5822784810126581,0.430379746835443,0.4594594594594594,0.18,0.0,0.0,0.6986301369863014,0.22,0
440,0.3417721518987341,0.6075949367088607,0.47297297297297286,0.12,0.0,0.0,0.726027397260274,0.47,0
441,0.36708860759493667,0.40506329113924044,0.4189189189189188,0.18,0.0,0.0,0.767123287671233,0.26,0
442,0.4683544303797468,0.3291139240506329,0.3378378378378378,0.21,0.0,0.0,0.7123287671232876,0.28,0
443,0.670886075949367,0.5822784810126581,0.40540540540540543,0.23,0.0,0.0,0.6301369863013698,0.22,0
444,0.670886075949367,0.5443037974683544,0.40540540540540543,0.22,0.0,0.0,0.6164383561643836,0.22,0
445,0.6962025316455696,0.620253164556962,0.3108108108108108,0.1,0.0,0.0,0.6712328767123287,0.22,0
446,0.5316455696202531,0.3924050632911392,0.3378378378378378,0.33,0.0,0.0,0.7534246575342466,0.22,0
447,0.3417721518987341,0.45569620253164556,0.36486486486486486,0.19,0.0,0.0,0.684931506849315,0.22,0
448,0.5443037974683544,0.4430379746835442,0.24324324324324326,0.08,0.0,0.0,0.7123287671232876,0.27,0
449,0.620253164556962,0.430379746835443,0.25675675675675674,0.22,0.0,0.0,0.6986301369863014,0.29,0
450,0.2911392405063291,0.4177215189873418,0.4189189189189188,0.09,0.0,0.0,0.7534246575342466,0.22,0
451,0.4683544303797468,0.5189873417721519,0.39189189189189194,0.12,0.0,0.0,0.6986301369863014,0.22,0
452,0.45569620253164556,0.3291139240506329,0.4459459459459459,0.15,0.0,0.0,0.7808219178082191,0.22,0
453,0.3924050632911392,0.430379746835443,0.35135135135135137,0.41,0.0,0.0,0.726027397260274,0.32,0
454,0.36708860759493667,0.40506329113924044,0.40540540540540543,0.2,0.0,0.0,0.6164383561643836,0.22,0
455,0.4810126582278481,0.6075949367088607,0.3108108108108108,0.25,0.0,0.0,0.684931506849315,0.28,0
456,0.670886075949367,0.5569620253164556,0.4189189189189188,0.27,0.0,0.0,0.5068493150684931,0.22,0
457,0.45569620253164556,0.49367088607594933,0.3243243243243243,0.4,0.0,0.0,0.5616438356164383,0.22,0
458,0.45569620253164556,0.3291139240506329,0.39189189189189194,0.24,0.0,0.0,0.6438356164383561,0.22,0
459,0.24050632911392403,0.5443037974683544,0.39189189189189194,0.18,0.0,0.0,0.684931506849315,0.22,0
460,0.6835443037974683,0.6582278481012658,0.35135135135135137,0.16,0.0,0.0,0.821917808219178,0.22,0
461,0.49367088607594933,0.6455696202531644,0.4189189189189188,0.15,0.0,0.0,0.6438356164383561,0.22,0
462,0.36708860759493667,0.620253164556962,0.35135135135135137,0.31,0.0,0.0,0.6712328767123287,0.31,0
463,0.620253164556962,0.4683544303797468,0.4189189189189188,0.25,0.0,0.0,0.5616438356164383,0.26,0
464,0.2911392405063291,0.5189873417721519,0.3243243243243243,0.21,0.0,0.0,0.7397260273972602,0.31,0
465,0.22784810126582275,0.240506329113924,0.4324324324324323,0.15,0.0,0.0,0.684931506849315,0.3,0
466,0.35443037974683544,0.430379746835443,0.40540540540540543,0.16,0.0,0.0,0.6438356164383561,0.22,0
467,0.40506329113924044,0.5569620253164556,0.36486486486486486,0.16,0.0,0.0,0.7397260273972602,0.22,0
468,0.6075949367088607,0.4430379746835442,0.3243243243243243,0.14,0.0,0.0,0.6164383561643836,0.25,0
469,0.35443037974683544,0.5316455696202531,0.2972972972972972,0.31,0.0,0.0,0.7397260273972602,0.29,0
470,0.4177215189873418,0.3291139240506329,0.36486486486486486,0.14,0.0,0.0,0.7397260273972602,0.44,0
471,0.430379746835443,0.3797468354430379,0.3378378378378378,0.24,0.0,0.0,0.7397260273972602,0.33,0
472,0.3924050632911392,0.3797468354430379,0.40540540540540543,0.1,0.0,0.0,0.6712328767123287,0.22,0
473,0.36708860759493667,0.36708860759493667,0.6081081081081081,0.21,0.0,0.0,0.7397260273972602,0.32,0
474,0.36708860759493667,0.36708860759493667,0.6081081081081081,0.21,0.0,0.0,0.7397260273972602,0.32,0
475,0.5443037974683544,0.45569620253164556,0.3108108108108108,0.2,0.0,0.0,0.7123287671232876,0.22,0
476,0.6962025316455696,0.40506329113924044,0.3243243243243243,0.23,0.0,0.0,0.6712328767123287,0.22,0
477,0.12658227848101264,0.35443037974683533,0.39189189189189194,0.11,0.0,0.0,0.684931506849315,0.27,0
478,0.35443037974683544,0.3417721518987341,0.36486486486486486,0.67,0.0,0.0,0.6438356164383561,0.22,0
479,0.16455696202531642,0.26582278481012656,0.5810810810810809,0.18,0.0,0.0,0.7123287671232876,0.22,0
480,0.4810126582278481,0.3797468354430379,0.3378378378378378,0.13,0.0,0.0,0.6438356164383561,0.22,0
481,0.5443037974683544,0.3164556962025316,0.35135135135135137,0.18,0.0,0.0,0.6575342465753424,0.22,0
482,0.40506329113924044,0.5569620253164556,0.36486486486486486,0.53,0.0,0.0,0.726027397260274,0.25,0
483,0.4683544303797468,0.6455696202531644,0.47297297297297286,0.23,0.0,0.0,0.821917808219178,0.22,0
484,0.25316455696202533,0.5316455696202531,0.35135135135135137,0.17,0.0,0.0,0.7123287671232876,0.22,0
485,0.26582278481012656,0.5569620253164556,0.3243243243243243,0.15,0.0,0.0,0.726027397260274,0.22,0
486,0.26582278481012656,0.36708860759493667,0.35135135135135137,0.24,0.0,0.0,0.821917808219178,0.22,0
487,0.6075949367088607,0.4683544303797468,0.35135135135135137,0.28,0.0,0.0,0.7534246575342466,0.25,0
488,0.3291139240506329,0.36708860759493667,0.3378378378378378,0.11,0.0,0.0,0.7808219178082191,0.22,0
489,0.4177215189873418,0.36708860759493667,0.4594594594594594,0.21,0.0,0.0,0.7808219178082191,0.22,0
490,0.5316455696202531,0.481012658227848,0.27027027027027023,0.28,0.0,0.0,0.6575342465753424,0.22,0
491,0.30379746835443033,0.670886075949367,0.3108108108108108,0.21,0.0,0.0,0.7397260273972602,0.25,0
492,0.5189873417721519,0.3417721518987341,0.4594594594594594,0.12,0.0,0.0,0.7534246575342466,0.22,0
493,0.5822784810126581,0.35443037974683533,0.4459459459459459,0.24,0.0,0.0,0.547945205479452,0.22,0
494,0.569620253164557,0.35443037974683533,0.4324324324324323,0.21,0.0,0.0,0.5753424657534246,0.22,0
495,0.3797468354430379,0.481012658227848,0.4324324324324323,0.15,0.0,0.0,0.6164383561643836,0.27,0
496,0.3417721518987341,0.481012658227848,0.6621621621621623,0.17,0.0,0.0,0.7534246575342466,0.22,0
497,0.3417721518987341,0.481012658227848,0.6621621621621623,0.17,0.0,0.0,0.7534246575342466,0.22,0
498,0.430379746835443,0.17721518987341772,0.4189189189189188,0.36,0.0,0.0,0.7123287671232876,0.18,0
499,0.11392405063291136,0.16455696202531644,0.35135135135135137,0.14,0.0,0.0,0.726027397260274,0.44,0
500,0.5063291139240506,0.5063291139240506,0.39189189189189194,0.14,0.0,0.0,0.6986301369863014,0.22,0
501,0.3417721518987341,0.4430379746835442,0.4459459459459459,0.22,0.0,0.0,0.6301369863013698,0.22,0
502,0.44303797468354433,0.2784810126582278,0.36486486486486486,0.16,0.0,0.0,0.6986301369863014,0.29,0
503,0.569620253164557,0.49367088607594933,0.39189189189189194,0.19,0.0,0.0,0.7397260273972602,0.22,0
504,0.5189873417721519,0.5189873417721519,0.3243243243243243,0.21,0.0,0.0,0.6575342465753424,0.3,0
505,0.5569620253164557,0.4177215189873418,0.36486486486486486,0.11,0.0,0.0,0.7123287671232876,0.48,0
506,0.430379746835443,0.5443037974683544,0.37837837837837834,0.32,0.0,0.0,0.7808219178082191,0.22,0
507,0.430379746835443,0.5443037974683544,0.36486486486486486,0.32,0.0,0.0,0.7808219178082191,0.22,0
508,0.5443037974683544,0.6582278481012658,0.3108108108108108,0.34,0.0,0.0,0.7123287671232876,0.22,0
509,0.6075949367088607,0.5696202531645569,0.27027027027027023,0.19,0.0,0.0,0.767123287671233,0.27,0
510,0.5569620253164557,0.5443037974683544,0.25675675675675674,0.14,0.0,0.0,0.7397260273972602,0.22,0
511,0.26582278481012656,0.430379746835443,0.39189189189189194,0.12,0.0,0.0,0.7123287671232876,0.22,0
512,0.30379746835443033,0.4177215189873418,0.3108108108108108,0.15,1.0,0.0,0.7534246575342466,0.35,0
513,0.40506329113924044,0.481012658227848,0.2972972972972972,0.14,0.0,0.0,0.684931506849315,0.22,0
514,0.5822784810126581,0.6075949367088607,0.25675675675675674,0.26,0.0,0.0,0.684931506849315,0.22,0
515,0.6582278481012658,0.620253164556962,0.21621621621621617,0.12,0.0,0.0,0.7123287671232876,0.25,0
516,0.1772151898734177,0.3417721518987341,0.3378378378378378,0.18,0.0,0.0,0.684931506849315,0.27,0
517,0.569620253164557,0.620253164556962,0.36486486486486486,0.24,0.0,0.0,0.7808219178082191,0.22,0
518,0.5949367088607594,0.5949367088607594,0.3378378378378378,0.24,0.0,0.0,0.726027397260274,0.22,0
519,0.7594936708860759,0.5822784810126581,0.36486486486486486,0.15,0.0,0.0,0.6712328767123287,0.33,0
520,0.30379746835443033,0.29113924050632906,0.4189189189189188,0.17,0.0,0.0,0.7123287671232876,0.22,0
521,0.430379746835443,0.3417721518987341,0.40540540540540543,0.14,0.0,0.0,0.7397260273972602,0.22,0
522,0.45569620253164556,0.430379746835443,0.4324324324324323,0.16,0.0,0.0,0.6712328767123287,0.28,0
523,0.3797468354430379,0.3291139240506329,0.3378378378378378,0.52,0.0,0.0,0.6712328767123287,0.22,0
524,0.7341772151898733,0.5949367088607594,0.3243243243243243,0.31,0.0,0.0,0.7534246575342466,0.22,0
525,0.5063291139240506,0.5696202531645569,0.37837837837837834,0.29,0.0,0.0,0.726027397260274,0.22,0
526,0.5569620253164557,0.670886075949367,0.4189189189189188,0.32,0.0,0.0,0.7808219178082191,0.34,0
527,0.6455696202531646,0.5696202531645569,0.35135135135135137,0.15,0.0,0.0,0.7123287671232876,0.29,0
528,0.49367088607594933,0.4683544303797468,0.2972972972972972,0.17,0.0,0.0,0.6438356164383561,0.26,0
529,0.430379746835443,0.36708860759493667,0.35135135135135137,0.2,0.0,0.0,0.684931506849315,0.25,0
530,0.5063291139240506,0.2784810126582278,0.27027027027027023,0.15,0.0,0.0,0.6986301369863014,0.42,0
531,0.3924050632911392,0.3291139240506329,0.2837837837837837,0.13,0.0,0.0,0.684931506849315,0.27,0
532,0.26582278481012656,0.3164556962025316,0.35135135135135137,0.2,0.0,0.0,0.7123287671232876,0.28,0
533,0.6075949367088607,0.6582278481012658,0.35135135135135137,0.3,0.0,0.0,0.6301369863013698,0.31,0
534,0.3291139240506329,0.2531645569620253,0.3243243243243243,0.12,0.0,0.0,0.6986301369863014,0.54,0
535,0.430379746835443,0.5443037974683544,0.3108108108108108,0.17,0.0,0.0,0.7123287671232876,0.22,0
536,0.620253164556962,0.3417721518987341,0.4459459459459459,0.18,0.0,0.0,0.6575342465753424,0.22,0
537,0.3417721518987341,0.430379746835443,0.36486486486486486,0.12,0.0,0.0,0.6575342465753424,0.22,0
538,0.6075949367088607,0.3797468354430379,0.35135135135135137,0.19,0.0,0.0,0.7534246575342466,0.27,0
539,0.670886075949367,0.5063291139240506,0.25675675675675674,0.13,0.0,0.0,0.726027397260274,0.22,0
540,0.5189873417721519,0.481012658227848,0.3378378378378378,0.12,0.0,0.0,0.6986301369863014,0.4,0
541,0.4810126582278481,0.3797468354430379,0.2972972972972972,0.15,0.0,0.0,0.7534246575342466,0.25,0
542,0.4810126582278481,0.430379746835443,0.35135135135135137,0.16,0.0,0.0,0.726027397260274,0.28,0
543,0.4683544303797468,0.3291139240506329,0.3108108108108108,0.18,0.0,0.0,0.6986301369863014,0.22,0
544,0.4810126582278481,0.36708860759493667,0.37837837837837834,0.17,0.0,0.0,0.684931506849315,0.36,0
545,0.7974683544303797,0.5063291139240506,0.3243243243243243,0.08,0.0,0.0,0.7534246575342466,0.31,0
546,0.24050632911392403,0.4683544303797468,0.2837837837837837,0.11,0.0,0.0,0.6301369863013698,0.22,0
547,0.4177215189873418,0.481012658227848,0.2972972972972972,0.38,0.0,0.0,0.7123287671232876,0.22,0
548,0.5569620253164557,0.35443037974683533,0.40540540540540543,0.21,0.0,0.0,0.7123287671232876,0.22,0
549,0.36708860759493667,0.4430379746835442,0.3243243243243243,0.17,0.0,0.0,0.7397260273972602,0.5,0
550,0.5949367088607594,0.40506329113924044,0.2972972972972972,0.24,0.0,0.0,0.7123287671232876,0.37,0
551,0.5949367088607594,0.35443037974683533,0.3378378378378378,0.26,0.0,0.0,0.6986301369863014,0.37,0
552,0.12658227848101264,0.3164556962025316,0.3108108108108108,0.16,0.0,0.0,0.6986301369863014,0.45,0
553,0.4683544303797468,0.26582278481012656,0.2837837837837837,0.14,0.0,0.0,0.6438356164383561,0.26,0
554,0.30379746835443033,0.3417721518987341,0.36486486486486486,0.18,0.0,0.0,0.5753424657534246,0.38,0
555,0.5316455696202531,0.3797468354430379,0.2837837837837837,0.15,0.0,0.0,0.7945205479452054,0.22,0
556,0.44303797468354433,0.40506329113924044,0.40540540540540543,0.16,0.0,0.0,0.767123287671233,0.22,0
557,0.6329113924050632,0.5189873417721519,0.3108108108108108,0.16,0.0,0.0,0.7397260273972602,0.42,0
558,0.4177215189873418,0.35443037974683533,0.4324324324324323,0.2,0.0,0.0,0.7808219178082191,0.25,0
559,0.6329113924050632,0.5189873417721519,0.3108108108108108,0.19,0.0,0.0,0.7397260273972602,0.47,0
560,0.3797468354430379,0.2151898734177215,0.3108108108108108,0.28,0.0,0.0,0.7397260273972602,0.22,0
561,0.3797468354430379,0.3797468354430379,0.3243243243243243,0.28,0.0,0.0,0.684931506849315,0.22,0
562,0.5063291139240506,0.3797468354430379,0.49999999999999994,0.18,0.0,0.0,0.7123287671232876,0.22,0
563,0.49367088607594933,0.4177215189873418,0.35135135135135137,0.16,0.0,0.0,0.7123287671232876,0.26,0
564,0.5063291139240506,0.26582278481012656,0.22972972972972966,0.18,0.0,0.0,0.6575342465753424,0.25,0
565,0.40506329113924044,0.481012658227848,0.4594594594594594,0.25,0.0,0.0,0.7534246575342466,0.22,0
566,0.3924050632911392,0.15189873417721517,0.4594594594594594,0.14,0.0,0.0,0.6164383561643836,0.22,0
567,0.3417721518987341,0.45569620253164556,0.37837837837837834,1.0,0.0,0.0,0.684931506849315,0.27,0
568,0.20253164556962025,0.5443037974683544,0.40540540540540543,0.18,0.0,0.0,0.7123287671232876,0.22,0
569,0.40506329113924044,0.40506329113924044,0.37837837837837834,0.14,0.0,0.0,0.684931506849315,0.31,0
570,0.5063291139240506,0.3797468354430379,0.2837837837837837,0.19,0.0,0.0,0.7123287671232876,0.37,0
571,0.5443037974683544,0.5189873417721519,0.3108108108108108,0.14,0.0,0.0,0.767123287671233,0.22,0
572,0.49367088607594933,0.40506329113924044,0.2972972972972972,0.17,0.0,0.0,0.684931506849315,0.26,0
573,0.44303797468354433,0.430379746835443,0.27027027027027023,0.16,0.0,0.0,0.6986301369863014,0.22,0
574,0.35443037974683544,0.30379746835443033,0.40540540540540543,0.15,0.0,0.0,0.684931506849315,0.27,0
575,0.4683544303797468,0.481012658227848,0.4189189189189188,0.24,0.0,0.0,0.684931506849315,0.22,0
576,0.6455696202531646,0.5949367088607594,0.2837837837837837,0.16,0.0,0.0,0.726027397260274,0.22,0
577,0.4810126582278481,0.3924050632911392,0.25675675675675674,0.22,0.0,0.0,0.6986301369863014,0.22,0
578,0.5822784810126581,0.3924050632911392,0.21621621621621617,0.2,0.0,0.0,0.7397260273972602,0.22,0
579,0.36708860759493667,0.430379746835443,0.2972972972972972,0.18,0.0,0.0,0.6301369863013698,0.22,0
580,0.2911392405063291,0.5189873417721519,0.37837837837837834,0.13,0.0,0.0,0.7123287671232876,0.22,0
581,0.22784810126582275,0.4177215189873418,0.37837837837837834,0.27,0.0,0.0,0.6712328767123287,0.22,0
582,0.44303797468354433,0.5316455696202531,0.47297297297297286,0.13,0.0,0.0,0.6438356164383561,0.22,0
583,0.5822784810126581,0.3417721518987341,0.2972972972972972,0.24,0.0,0.0,0.7534246575342466,0.22,0
584,0.5949367088607594,0.3164556962025316,0.1891891891891892,0.21,0.0,0.0,0.684931506849315,0.22,0
585,0.5316455696202531,0.35443037974683533,0.3243243243243243,0.24,1.0,0.0,0.6438356164383561,0.22,0
586,0.40506329113924044,0.3417721518987341,0.3243243243243243,0.18,0.0,0.0,0.684931506849315,0.28,0
587,0.4810126582278481,0.5949367088607594,0.39189189189189194,0.17,0.0,0.0,0.6027397260273972,0.22,0
588,0.3291139240506329,0.35443037974683533,0.25675675675675674,0.14,0.0,0.0,0.6438356164383561,0.22,0
589,0.49367088607594933,0.29113924050632906,0.36486486486486486,0.41,0.0,0.0,0.7534246575342466,0.36,0
590,0.6075949367088607,0.5696202531645569,0.1756756756756757,0.52,0.0,0.0,0.684931506849315,0.31,0
591,0.45569620253164556,0.4683544303797468,0.39189189189189194,0.19,0.0,0.0,0.8493150684931506,0.22,0
592,0.30379746835443033,0.4683544303797468,0.24324324324324326,0.27,0.0,0.0,0.6986301369863014,0.22,0
593,0.4810126582278481,0.3924050632911392,0.3378378378378378,0.18,0.0,0.0,0.7123287671232876,0.27,0
594,0.22784810126582275,0.26582278481012656,0.39189189189189194,0.24,0.0,0.0,0.6986301369863014,0.22,0
595,0.21518987341772153,0.4430379746835442,0.40540540540540543,0.16,0.0,0.0,0.6575342465753424,0.26,0
596,0.7341772151898733,0.3291139240506329,0.35135135135135137,0.12,0.0,0.0,0.5205479452054794,0.35,0
597,0.569620253164557,0.4430379746835442,0.3243243243243243,0.3,0.0,0.0,0.6986301369863014,0.22,0
598,0.430379746835443,0.4177215189873418,0.47297297297297286,0.2,0.0,0.0,0.8493150684931506,0.22,0
599,0.4810126582278481,0.40506329113924044,0.36486486486486486,0.16,0.0,0.0,0.6712328767123287,0.31,0
600,0.5063291139240506,0.4177215189873418,0.4189189189189188,0.25,0.0,0.0,0.726027397260274,0.22,0
601,0.4810126582278481,0.40506329113924044,0.27027027027027023,0.18,0.0,0.0,0.6712328767123287,0.31,0
602,0.5189873417721519,0.4177215189873418,0.3378378378378378,0.18,0.0,0.0,0.684931506849315,0.22,0
603,0.5569620253164557,0.5822784810126581,0.35135135135135137,0.1,0.0,0.0,0.726027397260274,0.22,0
604,0.35443037974683544,0.5696202531645569,0.3243243243243243,0.1,0.0,0.0,0.6986301369863014,0.25,0
605,0.5822784810126581,0.45569620253164556,0.3243243243243243,0.2,0.0,0.0,0.6986301369863014,0.28,0
606,0.6455696202531646,0.3797468354430379,0.3108108108108108,0.29,0.0,0.0,0.684931506849315,0.27,0
607,0.430379746835443,0.35443037974683533,0.3108108108108108,0.14,1.0,0.0,0.726027397260274,0.3,0
608,0.45569620253164556,0.45569620253164556,0.4594594594594594,0.15,0.0,0.0,0.5205479452054794,0.22,0
609,0.44303797468354433,0.4177215189873418,0.36486486486486486,0.23,0.0,0.0,0.6986301369863014,0.22,0
610,0.4683544303797468,0.36708860759493667,0.2972972972972972,0.19,0.0,0.0,0.7945205479452054,0.22,0
611,0.40506329113924044,0.40506329113924044,0.36486486486486486,0.19,0.0,0.0,0.767123287671233,0.22,0
612,0.21518987341772153,0.29113924050632906,0.39189189189189194,0.15,0.0,0.0,0.7808219178082191,0.22,0
613,0.430379746835443,0.430379746835443,0.36486486486486486,0.15,0.0,0.0,0.7123287671232876,0.27,0
614,0.5569620253164557,0.6329113924050632,0.37837837837837834,0.16,0.0,0.0,0.6164383561643836,0.27,0
615,0.44303797468354433,0.620253164556962,0.37837837837837834,0.25,0.0,0.0,0.6301369863013698,0.22,0
616,0.5316455696202531,0.5822784810126581,0.2972972972972972,0.14,0.0,0.0,0.6986301369863014,0.22,0
617,0.3924050632911392,0.5063291139240506,0.4189189189189188,0.17,0.0,0.0,0.6712328767123287,0.22,0
618,0.5189873417721519,0.4177215189873418,0.40540540540540543,0.2,0.0,0.0,0.684931506849315,0.22,0
619,0.569620253164557,0.4430379746835442,0.3243243243243243,0.17,0.0,0.0,0.6986301369863014,0.26,0
620,0.8354430379746834,0.5569620253164556,0.25675675675675674,0.17,0.0,0.0,0.726027397260274,0.22,0
621,0.430379746835443,0.40506329113924044,0.35135135135135137,0.17,0.0,0.0,0.7397260273972602,0.22,0
622,0.21518987341772153,0.481012658227848,0.39189189189189194,0.19,0.0,0.0,0.7808219178082191,0.22,0
623,0.5063291139240506,0.481012658227848,0.40540540540540543,0.28,0.0,0.0,0.7397260273972602,0.27,0
624,0.4683544303797468,0.5443037974683544,0.3108108108108108,0.32,0.0,0.0,0.684931506849315,0.22,0
625,0.6075949367088607,0.4177215189873418,0.2972972972972972,0.46,0.0,0.0,0.6712328767123287,0.22,0
626,0.5316455696202531,0.40506329113924044,0.36486486486486486,0.18,0.0,0.0,0.5753424657534246,0.22,0
627,0.430379746835443,0.17721518987341772,0.3243243243243243,0.33,0.0,0.0,0.726027397260274,0.26,0
628,0.4683544303797468,0.4683544303797468,0.40540540540540543,0.11,0.0,0.0,0.4520547945205479,0.22,0
629,0.30379746835443033,0.430379746835443,0.36486486486486486,0.19,0.0,0.0,0.6575342465753424,0.22,0
630,0.44303797468354433,0.3797468354430379,0.3243243243243243,0.24,0.0,0.0,0.6575342465753424,0.31,0
631,0.40506329113924044,0.4177215189873418,0.3243243243243243,0.21,0.0,0.0,0.6712328767123287,0.34,0
632,0.6329113924050632,0.5316455696202531,0.3378378378378378,0.26,0.0,0.0,0.7123287671232876,0.22,0
633,0.6075949367088607,0.430379746835443,0.3378378378378378,0.53,0.0,0.0,0.726027397260274,0.26,0
634,0.36708860759493667,0.5949367088607594,0.3243243243243243,0.16,0.0,0.0,0.6986301369863014,0.22,0
635,0.670886075949367,0.3924050632911392,0.3378378378378378,0.35,0.0,0.0,0.726027397260274,0.22,0
636,0.430379746835443,0.49367088607594933,0.3243243243243243,0.12,0.0,0.0,0.821917808219178,0.22,0
637,0.3417721518987341,0.3417721518987341,0.4459459459459459,0.25,0.0,0.0,0.6027397260273972,0.22,0
638,0.35443037974683544,0.3291139240506329,0.4459459459459459,0.25,0.0,0.0,0.6164383561643836,0.22,0
639,0.5443037974683544,0.5316455696202531,0.40540540540540543,0.14,0.0,0.0,0.684931506849315,0.25,0
640,0.430379746835443,0.4683544303797468,0.4189189189189188,0.29,0.0,0.0,0.6027397260273972,0.11,0
641,0.6329113924050632,0.3164556962025316,0.4189189189189188,0.36,0.0,0.0,0.6027397260273972,0.21,0
642,0.6329113924050632,0.3164556962025316,0.4189189189189188,0.36,0.0,0.0,0.6027397260273972,0.21,0
643,0.40506329113924044,0.2531645569620253,0.37837837837837834,0.37,0.0,0.0,0.5205479452054794,0.16,0
644,0.40506329113924044,0.2531645569620253,0.37837837837837834,0.37,0.0,0.0,0.5205479452054794,0.16,0
645,0.5063291139240506,0.3291139240506329,0.4324324324324323,0.19,0.0,0.0,0.6438356164383561,0.22,0
646,0.30379746835443033,0.2531645569620253,0.2972972972972972,0.42,0.0,0.0,0.6438356164383561,0.43,0
647,0.44303797468354433,0.2784810126582278,0.5810810810810809,0.18,0.0,0.0,0.410958904109589,0.25,0
648,0.44303797468354433,0.2784810126582278,0.5810810810810809,0.18,0.0,0.0,0.410958904109589,0.25,0
649,0.5822784810126581,0.3797468354430379,0.35135135135135137,0.3,0.0,0.0,0.5068493150684931,0.11,0
650,0.5822784810126581,0.3797468354430379,0.35135135135135137,0.3,0.0,0.0,0.5068493150684931,0.11,0
651,0.6075949367088607,0.481012658227848,0.2972972972972972,0.12,0.0,0.0,0.7397260273972602,0.31,0
652,0.6075949367088607,0.481012658227848,0.2972972972972972,0.12,0.0,0.0,0.7397260273972602,0.31,0
653,0.6329113924050632,0.4430379746835442,0.40540540540540543,0.19,0.0,0.0,0.726027397260274,0.31,0
654,0.6329113924050632,0.4430379746835442,0.40540540540540543,0.19,0.0,0.0,0.726027397260274,0.31,0
655,0.4177215189873418,0.5443037974683544,0.35135135135135137,0.18,0.0,0.0,0.684931506849315,0.11,0
656,0.31645569620253156,0.5443037974683544,0.35135135135135137,0.18,0.0,0.0,0.6164383561643836,0.16,0
657,0.3291139240506329,0.3924050632911392,0.5135135135135136,0.48,0.0,0.0,0.4931506849315068,0.27,0
658,0.7721518987341771,0.30379746835443033,0.49999999999999994,0.38,0.0,0.0,0.547945205479452,0.14,0
659,0.7721518987341771,0.30379746835443033,0.49999999999999994,0.38,0.0,0.0,0.547945205479452,0.14,0
660,0.4177215189873418,0.29113924050632906,0.5135135135135136,0.45,0.0,0.0,0.726027397260274,0.11,0
661,0.5949367088607594,0.40506329113924044,0.39189189189189194,0.27,0.0,0.0,0.6575342465753424,0.11,0
662,0.6582278481012658,0.6455696202531644,0.25675675675675674,0.26,0.0,0.0,0.5890410958904109,0.22,0
663,0.6582278481012658,0.6455696202531644,0.25675675675675674,0.26,0.0,0.0,0.5890410958904109,0.22,0
664,0.40506329113924044,0.2531645569620253,0.5540540540540542,0.12,0.0,0.0,0.6164383561643836,0.23,0
665,0.40506329113924044,0.2531645569620253,0.5540540540540542,0.12,0.0,0.0,0.5890410958904109,0.23,0
666,0.5949367088607594,0.3924050632911392,0.3243243243243243,0.26,0.0,0.0,0.7123287671232876,0.22,0
667,0.3417721518987341,0.3797468354430379,0.36486486486486486,0.22,0.0,0.0,0.6575342465753424,0.11,0
668,0.36708860759493667,0.40506329113924044,0.47297297297297286,0.29,0.0,0.0,0.6027397260273972,0.22,0
669,0.36708860759493667,0.40506329113924044,0.47297297297297286,0.29,0.0,0.0,0.6027397260273972,0.22,0
670,0.2911392405063291,0.26582278481012656,0.527027027027027,0.4,0.0,0.0,0.4383561643835616,0.16,0
671,0.40506329113924044,0.11392405063291139,0.7162162162162162,0.79,0.0,0.0,0.3013698630136986,0.0,0
672,0.30379746835443033,0.10126582278481011,1.0,0.8,0.0,0.0,0.1780821917808219,0.01,0
673,0.30379746835443033,0.10126582278481011,1.0,0.8,0.0,0.0,0.1780821917808219,0.01,0
674,0.569620253164557,0.2784810126582278,0.2837837837837837,0.41,0.0,0.0,0.684931506849315,0.22,0
675,0.569620253164557,0.2784810126582278,0.2837837837837837,0.35,0.0,0.0,0.7123287671232876,0.22,0
676,0.5443037974683544,0.3924050632911392,0.39189189189189194,0.48,0.0,0.0,0.6438356164383561,0.22,0
677,0.30379746835443033,0.3291139240506329,0.40540540540540543,0.2,0.0,0.0,0.6712328767123287,0.41,0
678,0.4683544303797468,0.4177215189873418,0.4324324324324323,0.16,0.0,0.0,0.6164383561643836,0.22,0
679,0.4683544303797468,0.5316455696202531,0.2972972972972972,0.1,0.0,0.0,0.7534246575342466,0.22,0
680,0.7341772151898733,0.5189873417721519,0.39189189189189194,0.23,0.0,0.0,0.9999999999999999,0.22,0
681,0.7848101265822784,0.5949367088607594,0.2837837837837837,0.2,0.0,0.0,0.9863013698630136,0.22,0
682,0.8481012658227848,0.8734177215189871,0.40540540540540543,0.21,0.0,0.0,0.9452054794520547,0.22,0
683,0.44303797468354433,0.2531645569620253,0.25675675675675674,0.22,0.0,0.0,0.5616438356164383,0.37,0
684,0.5189873417721519,0.3797468354430379,0.47297297297297286,0.22,0.0,0.0,0.6164383561643836,0.22,0
685,0.5189873417721519,0.3797468354430379,0.47297297297297286,0.22,0.0,0.0,0.6164383561643836,0.22,0
686,0.26582278481012656,0.3924050632911392,0.37837837837837834,0.21,0.0,0.0,0.547945205479452,0.19,0
687,0.26582278481012656,0.3924050632911392,0.37837837837837834,0.21,0.0,0.0,0.547945205479452,0.19,0
688,0.4683544303797468,0.35443037974683533,0.35135135135135137,0.33,0.0,0.0,0.6986301369863014,0.26,0
689,0.44303797468354433,0.3291139240506329,0.37837837837837834,0.22,0.0,0.0,0.6575342465753424,0.25,0
690,0.44303797468354433,0.3291139240506329,0.37837837837837834,0.22,0.0,0.0,0.6575342465753424,0.25,0
691,0.3924050632911392,0.4683544303797468,0.5135135135135136,0.13,0.0,0.0,0.6712328767123287,0.22,0
692,0.44303797468354433,0.5189873417721519,0.4459459459459459,0.41,0.0,0.0,0.726027397260274,0.21,0
693,0.44303797468354433,0.5189873417721519,0.4459459459459459,0.41,0.0,0.0,0.726027397260274,0.21,0
694,0.3417721518987341,0.4683544303797468,0.35135135135135137,0.44,0.0,0.0,0.7397260273972602,0.11,0
695,0.3417721518987341,0.4683544303797468,0.35135135135135137,0.44,0.0,0.0,0.7397260273972602,0.11,0
696,0.5063291139240506,0.49367088607594933,0.4324324324324323,0.17,0.0,0.0,0.6438356164383561,0.28,0
697,0.49367088607594933,0.4683544303797468,0.48648648648648646,0.23,0.0,0.0,0.47945205479452047,0.11,0
698,0.5316455696202531,0.5569620253164556,0.4594594594594594,0.36,0.0,0.0,0.684931506849315,0.22,0
699,0.5316455696202531,0.5569620253164556,0.4594594594594594,0.36,0.0,0.0,0.684931506849315,0.22,0
700,0.3291139240506329,0.2151898734177215,0.48648648648648646,0.43,0.0,0.0,0.6027397260273972,0.39,0
701,0.3291139240506329,0.2151898734177215,0.48648648648648646,0.43,0.0,0.0,0.6027397260273972,0.39,0
702,0.4810126582278481,0.3417721518987341,0.4324324324324323,0.23,0.0,0.0,0.6438356164383561,0.27,0
703,0.3291139240506329,0.30379746835443033,0.3378378378378378,0.38,0.0,0.0,0.6027397260273972,0.22,0
704,0.5063291139240506,0.3417721518987341,0.3243243243243243,0.28,0.0,0.0,0.6575342465753424,0.27,0
705,0.2911392405063291,0.15189873417721517,0.39189189189189194,0.28,0.0,0.0,0.6986301369863014,0.49,0
706,0.6075949367088607,0.5189873417721519,0.36486486486486486,0.14,0.0,0.0,0.6575342465753424,0.22,0
707,0.49367088607594933,0.4430379746835442,0.2972972972972972,0.23,0.0,0.0,0.726027397260274,0.68,0
708,0.569620253164557,0.36708860759493667,0.35135135135135137,0.14,0.0,0.0,0.6986301369863014,0.22,0
709,0.44303797468354433,0.36708860759493667,0.3378378378378378,0.16,0.0,0.0,0.767123287671233,0.22,0
710,0.620253164556962,0.481012658227848,0.3108108108108108,0.18,0.0,0.0,0.726027397260274,0.38,0
711,0.4810126582278481,0.3164556962025316,0.40540540540540543,0.09,0.0,0.0,0.6301369863013698,0.22,0
712,0.3417721518987341,0.3417721518987341,0.36486486486486486,0.12,0.0,0.0,0.7534246575342466,0.22,0
713,0.5569620253164557,0.5316455696202531,0.35135135135135137,0.13,0.0,0.0,0.726027397260274,0.25,0
714,0.44303797468354433,0.3924050632911392,0.4324324324324323,0.17,0.0,0.0,0.7534246575342466,0.22,0
715,0.2911392405063291,0.4177215189873418,0.35135135135135137,0.19,0.0,0.0,0.726027397260274,0.26,0
716,0.5949367088607594,0.5443037974683544,0.27027027027027023,0.14,0.0,0.0,0.6986301369863014,0.22,0
717,0.4177215189873418,0.7341772151898733,0.3243243243243243,0.21,0.0,0.0,0.7397260273972602,0.27,0
718,0.3797468354430379,0.45569620253164556,0.2837837837837837,0.09,0.0,0.0,0.6712328767123287,0.22,0
719,0.4177215189873418,0.481012658227848,0.36486486486486486,0.3,0.0,0.0,0.726027397260274,0.22,0
720,0.5443037974683544,0.481012658227848,0.40540540540540543,0.15,0.0,0.0,0.7397260273972602,0.31,0
721,0.44303797468354433,0.3164556962025316,0.3378378378378378,0.2,0.0,0.0,0.6986301369863014,0.22,0
722,0.3797468354430379,0.3417721518987341,0.40540540540540543,0.17,0.0,0.0,0.767123287671233,0.22,0
723,0.6075949367088607,0.5316455696202531,0.4189189189189188,0.18,0.0,0.0,0.6986301369863014,0.22,0
724,0.4683544303797468,0.481012658227848,0.3243243243243243,0.24,0.0,0.0,0.7397260273972602,0.38,0
725,0.35443037974683544,0.2151898734177215,0.49999999999999994,0.2,0.0,0.0,0.5890410958904109,0.47,0
726,0.5316455696202531,0.45569620253164556,0.2837837837837837,0.21,0.0,0.0,0.726027397260274,0.22,0
727,0.3924050632911392,0.3797468354430379,0.5540540540540542,0.7,0.0,0.0,0.5753424657534246,0.25,0
728,0.569620253164557,0.5316455696202531,0.4189189189189188,0.15,0.0,0.0,0.7397260273972602,0.25,0
729,0.3291139240506329,0.5316455696202531,0.35135135135135137,0.13,0.0,0.0,0.5753424657534246,0.8,0
730,0.5443037974683544,0.4683544303797468,0.3378378378378378,0.26,0.0,0.0,0.7123287671232876,0.22,0
731,0.620253164556962,0.6455696202531644,0.40540540540540543,0.36,0.0,0.0,0.6301369863013698,0.27,0
732,0.35443037974683544,0.40506329113924044,0.3378378378378378,0.29,0.0,0.0,0.7397260273972602,0.22,0
733,0.40506329113924044,0.430379746835443,0.2837837837837837,0.18,0.0,0.0,0.6438356164383561,0.22,0
734,0.5189873417721519,0.430379746835443,0.4324324324324323,0.18,0.0,0.0,0.4657534246575343,0.11,0
735,0.5189873417721519,0.430379746835443,0.4324324324324323,0.18,0.0,0.0,0.4657534246575343,0.11,0
736,0.49367088607594933,0.40506329113924044,0.3378378378378378,0.19,0.0,0.0,0.726027397260274,0.25,0
737,0.6329113924050632,0.4683544303797468,0.47297297297297286,0.21,0.0,0.0,0.7534246575342466,0.54,0
738,0.49367088607594933,0.49367088607594933,0.3378378378378378,0.22,0.0,0.0,0.6301369863013698,0.37,0
739,0.6455696202531646,0.2531645569620253,0.3108108108108108,0.24,0.0,0.0,0.6986301369863014,0.42,0
740,0.569620253164557,0.49367088607594933,0.27027027027027023,0.17,0.0,0.0,0.6712328767123287,0.73,0
741,0.5189873417721519,0.5443037974683544,0.39189189189189194,0.16,0.0,0.0,0.726027397260274,0.39,0
742,0.5316455696202531,0.4430379746835442,0.3378378378378378,0.18,0.0,0.0,0.7123287671232876,0.27,0
743,0.5063291139240506,0.4430379746835442,0.3378378378378378,0.19,0.0,0.0,0.6986301369863014,0.27,0
744,0.5063291139240506,0.4430379746835442,0.3378378378378378,0.26,0.0,0.0,0.6986301369863014,0.27,0
745,0.5316455696202531,0.4430379746835442,0.3378378378378378,0.18,0.0,0.0,0.6986301369863014,0.27,0
746,0.620253164556962,0.4177215189873418,0.3378378378378378,0.1,0.0,0.0,0.6575342465753424,0.31,0
747,0.620253164556962,0.4177215189873418,0.3378378378378378,0.1,0.0,0.0,0.6575342465753424,0.31,0
748,0.31645569620253156,0.30379746835443033,0.49999999999999994,0.25,0.0,0.0,0.410958904109589,0.22,0
749,0.24050632911392403,0.40506329113924044,0.39189189189189194,0.19,0.0,0.0,0.726027397260274,0.4,0
750,0.4177215189873418,0.3417721518987341,0.36486486486486486,0.19,0.0,0.0,0.6575342465753424,0.27,0
751,0.2784810126582278,0.30379746835443033,0.3108108108108108,0.22,0.0,0.0,0.7534246575342466,0.22,0
752,0.35443037974683544,0.3291139240506329,0.527027027027027,0.16,0.0,0.0,0.6164383561643836,0.22,0
753,0.5063291139240506,0.5822784810126581,0.39189189189189194,0.21,0.0,0.0,0.7123287671232876,0.22,0
754,0.3797468354430379,0.2784810126582278,0.4594594594594594,0.22,0.0,0.0,0.767123287671233,0.79,0
755,0.3797468354430379,0.45569620253164556,0.39189189189189194,0.13,0.0,0.0,0.7534246575342466,0.22,0
756,0.1518987341772152,0.20253164556962022,0.27027027027027023,0.0,0.0,0.0,0.5890410958904109,0.31,0
757,0.3417721518987341,0.26582278481012656,0.39189189189189194,0.44,0.0,0.0,0.6575342465753424,0.26,0
758,0.6582278481012658,0.6455696202531644,0.3108108108108108,0.2,0.0,0.0,0.7123287671232876,0.25,0
759,0.4683544303797468,0.3924050632911392,0.27027027027027023,0.37,0.0,0.0,0.6301369863013698,0.36,0
760,0.49367088607594933,0.45569620253164556,0.27027027027027023,0.22,0.0,0.0,0.726027397260274,0.25,0
761,0.6455696202531646,0.36708860759493667,0.2837837837837837,0.16,0.0,0.0,0.7123287671232876,0.22,0
762,0.49367088607594933,0.40506329113924044,0.35135135135135137,0.18,0.0,0.0,0.7123287671232876,0.22,0
763,0.6075949367088607,0.481012658227848,0.2837837837837837,0.21,0.0,0.0,0.6438356164383561,0.22,0
764,0.35443037974683544,0.430379746835443,0.3108108108108108,0.2,0.0,0.0,0.726027397260274,0.26,0
765,0.4810126582278481,0.4430379746835442,0.35135135135135137,0.24,0.0,0.0,0.684931506849315,0.22,0
766,0.6075949367088607,0.4430379746835442,0.3108108108108108,0.42,0.0,0.0,0.7123287671232876,0.22,0
767,0.5822784810126581,0.2784810126582278,0.3243243243243243,0.43,0.0,0.0,0.726027397260274,0.22,0
768,0.6329113924050632,0.49367088607594933,0.3243243243243243,0.44,0.0,0.0,0.726027397260274,0.22,0
769,0.6582278481012658,0.3797468354430379,0.2972972972972972,0.11,0.0,0.0,0.6986301369863014,0.22,0
770,0.6582278481012658,0.3797468354430379,0.2972972972972972,0.11,0.0,0.0,0.6986301369863014,0.22,0
771,0.5189873417721519,0.40506329113924044,0.36486486486486486,0.34,0.0,0.0,0.7123287671232876,0.44,0
772,0.5443037974683544,0.4430379746835442,0.39189189189189194,0.33,0.0,0.0,0.7534246575342466,0.4,0
773,0.3924050632911392,0.4683544303797468,0.4459459459459459,0.17,0.0,0.0,0.6986301369863014,0.22,0
774,0.5443037974683544,0.5316455696202531,0.39189189189189194,0.4,0.0,0.0,0.726027397260274,0.22,0
775,0.25316455696202533,0.22784810126582278,0.4189189189189188,0.15,0.0,0.0,0.684931506849315,0.22,0
776,0.3417721518987341,0.36708860759493667,0.3243243243243243,0.19,0.0,0.0,0.6027397260273972,0.22,0
777,0.2784810126582278,0.29113924050632906,0.48648648648648646,0.26,0.0,0.0,0.7534246575342466,0.22,0
778,0.3417721518987341,0.36708860759493667,0.3243243243243243,0.19,0.0,0.0,0.6027397260273972,0.22,0
779,0.45569620253164556,0.5443037974683544,0.4324324324324323,0.19,0.0,0.0,0.6027397260273972,0.64,0
780,0.26582278481012656,0.240506329113924,0.35135135135135137,0.18,0.0,0.0,0.6575342465753424,0.34,0
781,0.21518987341772153,0.17721518987341772,0.3243243243243243,0.14,0.0,0.0,0.684931506849315,0.28,0
782,0.3797468354430379,0.4177215189873418,0.4189189189189188,0.25,0.0,0.0,0.7808219178082191,0.38,0
783,0.4177215189873418,0.5189873417721519,0.3378378378378378,0.16,0.0,0.0,0.7945205479452054,0.22,0
784,0.4177215189873418,0.5316455696202531,0.3378378378378378,0.16,0.0,0.0,0.821917808219178,0.22,0
785,0.36708860759493667,0.5443037974683544,0.36486486486486486,0.15,0.0,0.0,0.6712328767123287,0.22,0
786,0.5949367088607594,0.5316455696202531,0.3378378378378378,0.13,0.0,0.0,0.7123287671232876,0.22,0
787,0.5569620253164557,0.7088607594936708,0.3378378378378378,0.12,0.0,0.0,0.6986301369863014,0.22,0
788,0.4177215189873418,0.45569620253164556,0.3108108108108108,0.27,0.0,0.0,0.7123287671232876,0.22,0
789,0.1772151898734177,0.16455696202531644,0.36486486486486486,0.17,0.0,0.0,0.6164383561643836,0.22,0
790,0.4810126582278481,0.4177215189873418,0.37837837837837834,0.18,0.0,0.0,0.47945205479452047,0.22,0
791,0.3924050632911392,0.30379746835443033,0.37837837837837834,0.17,0.0,0.0,0.6986301369863014,0.22,0
792,0.3924050632911392,0.40506329113924044,0.6621621621621623,0.21,0.0,0.0,0.6575342465753424,0.22,0
793,0.35443037974683544,0.40506329113924044,0.6621621621621623,0.17,0.0,0.0,0.6986301369863014,0.22,0
794,0.6582278481012658,0.5189873417721519,0.36486486486486486,0.27,0.0,0.0,0.6712328767123287,0.22,0
795,0.36708860759493667,0.3924050632911392,0.3243243243243243,0.13,0.0,0.0,0.7123287671232876,0.39,0
796,0.6455696202531646,0.5949367088607594,0.37837837837837834,0.22,0.0,0.0,0.7397260273972602,0.27,0
797,0.2784810126582278,0.4177215189873418,0.36486486486486486,0.12,0.0,0.0,0.684931506849315,0.27,0
798,0.5822784810126581,0.29113924050632906,0.3378378378378378,0.25,0.0,0.0,0.7397260273972602,0.25,0
799,0.430379746835443,0.7974683544303797,0.3378378378378378,0.25,0.0,0.0,0.8082191780821917,0.22,0
800,0.4683544303797468,0.3924050632911392,0.3378378378378378,0.24,0.0,0.0,0.6712328767123287,0.22,0
801,0.6075949367088607,0.6455696202531644,0.24324324324324326,0.26,0.0,0.0,0.684931506849315,0.22,0
802,0.860759493670886,0.5443037974683544,0.36486486486486486,0.19,0.0,0.0,0.6438356164383561,0.35,0
803,0.5189873417721519,0.4683544303797468,0.4594594594594594,0.2,0.0,0.0,0.7123287671232876,0.22,0
804,0.6075949367088607,0.4177215189873418,0.4189189189189188,0.17,0.0,0.0,0.7123287671232876,0.22,0
805,0.5316455696202531,0.36708860759493667,0.36486486486486486,0.19,0.0,0.0,0.6438356164383561,0.22,0
806,0.6075949367088607,0.4177215189873418,0.39189189189189194,0.17,0.0,0.0,0.7123287671232876,0.25,0
807,0.5189873417721519,0.481012658227848,0.2972972972972972,0.12,0.0,0.0,0.7397260273972602,0.31,0
808,0.45569620253164556,0.4177215189873418,0.3108108108108108,0.27,0.0,0.0,0.8082191780821917,0.22,0
809,0.49367088607594933,0.4177215189873418,0.3108108108108108,0.27,0.0,0.0,0.821917808219178,0.22,0
810,0.49367088607594933,0.3924050632911392,0.4189189189189188,0.28,0.0,0.0,0.7808219178082191,0.22,0
811,0.44303797468354433,0.430379746835443,0.48648648648648646,0.3,0.0,0.0,0.5205479452054794,0.22,0
812,0.6075949367088607,0.721518987341772,0.27027027027027023,0.19,0.0,0.0,0.7397260273972602,0.44,0
813,0.10126582278481011,0.35443037974683533,0.39189189189189194,0.13,0.0,0.0,0.7123287671232876,0.25,0
814,0.20253164556962025,0.3797468354430379,0.3243243243243243,0.13,0.0,0.0,0.7397260273972602,0.31,0
815,0.3924050632911392,0.4177215189873418,0.24324324324324326,0.17,0.0,0.0,0.6986301369863014,0.42,0
816,0.4683544303797468,0.3291139240506329,0.40540540540540543,0.23,0.0,0.0,0.821917808219178,0.22,0
817,0.45569620253164556,0.5822784810126581,0.40540540540540543,0.09,0.0,0.0,0.684931506849315,0.22,0
818,0.36708860759493667,0.189873417721519,0.4324324324324323,0.44,0.0,0.0,0.5616438356164383,0.22,0
819,0.5443037974683544,0.2784810126582278,0.39189189189189194,0.19,0.0,0.0,0.410958904109589,0.22,0
820,0.5063291139240506,0.45569620253164556,0.2972972972972972,0.55,0.0,0.0,0.7123287671232876,0.58,0
821,0.49367088607594933,0.5316455696202531,0.35135135135135137,0.16,0.0,0.0,0.6986301369863014,0.31,0
822,0.6835443037974683,0.6329113924050632,0.2837837837837837,0.22,0.0,0.0,0.7123287671232876,0.27,0
823,0.3797468354430379,0.4430379746835442,0.3378378378378378,0.2,0.0,0.0,0.6986301369863014,0.22,0
824,0.1772151898734177,0.3417721518987341,0.37837837837837834,0.16,0.0,0.0,0.5890410958904109,0.22,0
825,0.6582278481012658,0.5443037974683544,0.35135135135135137,0.21,0.0,0.0,0.684931506849315,0.22,0
826,0.569620253164557,0.6962025316455696,0.21621621621621617,0.36,0.0,0.0,0.6712328767123287,0.22,0
827,0.44303797468354433,0.49367088607594933,0.3378378378378378,0.13,0.0,0.0,0.6438356164383561,0.22,0
828,0.49367088607594933,0.3417721518987341,0.4189189189189188,0.17,0.0,0.0,0.8082191780821917,0.22,0
829,0.5316455696202531,0.49367088607594933,0.3108108108108108,0.27,0.0,0.0,0.6986301369863014,0.22,0
830,0.49367088607594933,0.430379746835443,0.40540540540540543,0.31,0.0,0.0,0.767123287671233,0.26,0
831,0.16455696202531642,0.15189873417721517,0.4189189189189188,0.28,0.0,0.0,0.6986301369863014,0.11,0
832,0.6075949367088607,0.4430379746835442,0.3108108108108108,0.49,0.0,0.0,0.4931506849315068,0.32,0
833,0.670886075949367,0.3924050632911392,0.40540540540540543,0.15,0.0,0.0,0.767123287671233,0.22,0
834,0.4683544303797468,0.5696202531645569,0.2837837837837837,0.17,0.0,0.0,0.726027397260274,0.74,0
835,0.45569620253164556,0.4683544303797468,0.4594594594594594,0.63,0.0,0.0,0.5205479452054794,0.16,0
836,0.45569620253164556,0.3164556962025316,0.4324324324324323,0.19,0.0,0.0,0.7808219178082191,0.22,0
837,0.3797468354430379,0.40506329113924044,0.27027027027027023,0.23,0.0,0.0,0.684931506849315,0.7,0
838,0.3417721518987341,0.4430379746835442,0.4189189189189188,0.3,0.0,0.0,0.5616438356164383,0.11,0
839,0.620253164556962,0.6075949367088607,0.37837837837837834,0.11,0.0,0.0,0.6301369863013698,0.22,0
840,0.4683544303797468,0.6075949367088607,0.4189189189189188,0.17,0.0,0.0,0.6164383561643836,0.22,0
841,0.7594936708860759,0.4683544303797468,0.3243243243243243,0.18,0.0,0.0,0.6301369863013698,0.22,0
842,0.6329113924050632,0.4430379746835442,0.37837837837837834,0.25,0.0,0.0,0.684931506849315,0.22,0
843,0.3417721518987341,0.240506329113924,0.5135135135135136,0.41,0.0,0.0,0.6027397260273972,0.11,0
844,0.3417721518987341,0.3417721518987341,0.5405405405405406,0.35,0.0,0.0,0.5890410958904109,0.11,0
845,0.6835443037974683,0.5189873417721519,0.37837837837837834,0.13,0.0,0.0,0.726027397260274,0.22,0
846,0.6075949367088607,0.40506329113924044,0.36486486486486486,0.19,0.0,0.0,0.8082191780821917,0.27,0
847,0.569620253164557,0.4430379746835442,0.4324324324324323,0.27,0.0,0.0,0.6986301369863014,0.22,0
848,0.4683544303797468,0.36708860759493667,0.35135135135135137,0.24,0.0,0.0,0.767123287671233,0.22,0
849,0.5949367088607594,0.481012658227848,0.3108108108108108,0.27,0.0,0.0,0.7808219178082191,0.29,0
850,0.31645569620253156,0.4177215189873418,0.48648648648648646,0.46,0.0,0.0,0.6986301369863014,0.33,0
851,0.3924050632911392,0.2784810126582278,0.37837837837837834,0.18,0.0,0.0,0.767123287671233,0.22,0
852,0.20253164556962025,0.5949367088607594,0.2972972972972972,0.23,0.0,0.0,0.7534246575342466,0.22,0
853,0.3797468354430379,0.3417721518987341,0.4459459459459459,0.47,0.0,0.0,0.6575342465753424,0.43,0
854,0.4683544303797468,0.6075949367088607,0.24324324324324326,0.2,0.0,0.0,0.6438356164383561,0.22,0
855,0.8734177215189872,0.4177215189873418,0.3243243243243243,0.15,0.0,0.0,0.726027397260274,0.22,0
856,0.35443037974683544,0.40506329113924044,0.36486486486486486,0.18,0.0,0.0,0.7397260273972602,0.22,0
857,0.6455696202531646,0.5696202531645569,0.27027027027027023,0.13,0.0,0.0,0.726027397260274,0.22,0
858,0.4683544303797468,0.2784810126582278,0.21621621621621617,0.21,0.0,0.0,0.7808219178082191,0.22,0
859,0.3797468354430379,0.49367088607594933,0.2027027027027027,0.11,0.0,0.0,0.7397260273972602,0.35,0
860,0.4177215189873418,0.26582278481012656,0.39189189189189194,0.18,0.0,0.0,0.7123287671232876,0.22,0
861,0.25316455696202533,0.40506329113924044,0.3243243243243243,0.17,0.0,0.0,0.6712328767123287,0.22,0
862,0.3417721518987341,0.45569620253164556,0.47297297297297286,0.13,0.0,0.0,0.7397260273972602,0.22,0
863,0.569620253164557,0.3924050632911392,0.40540540540540543,0.19,0.0,0.0,0.7397260273972602,0.22,0
864,0.6962025316455696,0.620253164556962,0.35135135135135137,0.17,0.0,0.0,0.6712328767123287,0.22,0
865,0.40506329113924044,0.49367088607594933,0.36486486486486486,0.52,1.0,0.0,0.6712328767123287,0.22,0
866,0.5189873417721519,0.4430379746835442,0.4324324324324323,0.55,0.0,0.0,0.6575342465753424,0.22,0
867,0.49367088607594933,0.26582278481012656,0.48648648648648646,0.19,0.0,0.0,0.7808219178082191,0.22,0
868,0.3417721518987341,0.620253164556962,0.35135135135135137,0.14,0.0,0.0,0.726027397260274,0.22,0
869,0.5569620253164557,0.481012658227848,0.37837837837837834,0.2,0.0,0.0,0.767123287671233,0.22,0
870,0.5063291139240506,0.4430379746835442,0.27027027027027023,0.29,0.0,0.0,0.7397260273972602,0.22,0
871,0.5316455696202531,0.3797468354430379,0.4189189189189188,0.24,0.0,0.0,0.5342465753424658,0.28,0
872,0.4683544303797468,0.4430379746835442,0.40540540540540543,0.18,0.0,0.0,0.7945205479452054,0.22,0
873,0.6329113924050632,0.4177215189873418,0.37837837837837834,0.11,0.0,0.0,0.6438356164383561,0.22,0
874,0.6962025316455696,0.5316455696202531,0.37837837837837834,0.18,0.0,0.0,0.5890410958904109,0.22,0
875,0.620253164556962,0.4430379746835442,0.27027027027027023,0.32,0.0,0.0,0.547945205479452,0.33,0
876,0.430379746835443,0.4683544303797468,0.4189189189189188,0.29,0.0,0.0,0.6027397260273972,0.11,0
877,0.6329113924050632,0.5063291139240506,0.4459459459459459,0.17,0.0,0.0,0.6027397260273972,0.28,0
878,0.2911392405063291,0.26582278481012656,0.527027027027027,0.4,0.0,0.0,0.4383561643835616,0.16,0
879,0.6962025316455696,0.5949367088607594,0.35135135135135137,0.19,0.0,0.0,0.9452054794520547,0.22,0
880,0.35443037974683544,0.6582278481012658,0.4189189189189188,0.19,0.0,0.0,0.6027397260273972,0.25,0
881,0.35443037974683544,0.6582278481012658,0.4189189189189188,0.19,0.0,0.0,0.5890410958904109,0.25,0
882,0.5822784810126581,0.4430379746835442,0.37837837837837834,0.22,0.0,0.0,0.684931506849315,0.11,0
883,0.3797468354430379,0.45569620253164556,0.527027027027027,0.28,0.0,0.0,0.8082191780821917,0.57,0
884,0.24050632911392403,0.2531645569620253,0.39189189189189194,0.12,0.0,0.0,0.726027397260274,0.38,0
885,0.670886075949367,0.22784810126582278,0.36486486486486486,0.15,0.0,0.0,0.726027397260274,0.31,0
886,0.5569620253164557,0.5569620253164556,0.3378378378378378,0.07,0.0,0.0,0.7534246575342466,0.22,0
887,0.430379746835443,0.40506329113924044,0.3378378378378378,0.3,0.0,0.0,0.6575342465753424,0.44,0
888,0.1772151898734177,0.4430379746835442,0.25675675675675674,0.32,0.0,0.0,0.547945205479452,0.22,0
889,0.5443037974683544,0.3797468354430379,0.2972972972972972,0.27,0.0,0.0,0.6027397260273972,0.41,0
890,0.6962025316455696,0.5189873417721519,0.36486486486486486,0.17,0.0,0.0,0.7397260273972602,0.22,0
891,0.569620253164557,0.4177215189873418,0.3378378378378378,0.25,0.0,0.0,0.7397260273972602,0.22,0
892,0.430379746835443,0.35443037974683533,0.3243243243243243,0.46,0.0,0.6024096385542169,0.684931506849315,0.27,0
893,0.4177215189873418,0.3164556962025316,0.2972972972972972,0.32,0.0,1.0,0.726027397260274,0.22,0
894,0.3291139240506329,0.5063291139240506,0.4594594594594594,0.19,0.0,0.6024096385542169,0.5753424657534246,0.22,0
895,0.4177215189873418,0.5063291139240506,0.35135135135135137,0.23,0.0,1.0,0.6986301369863014,0.22,0
896,0.44303797468354433,0.4430379746835442,0.24324324324324326,0.21,0.0,0.0,0.7534246575342466,0.22,0
897,0.5189873417721519,0.4683544303797468,0.36486486486486486,0.1,0.0,0.0,0.6575342465753424,0.22,0
898,0.7215189873417721,0.5696202531645569,0.3378378378378378,0.19,0.0,1.0,0.7397260273972602,0.22,0
899,0.3924050632911392,0.4683544303797468,0.36486486486486486,0.22,0.0,1.0,0.684931506849315,0.22,0
900,0.4810126582278481,0.17721518987341772,0.4189189189189188,0.18,0.0,1.0,0.7397260273972602,0.22,0
901,0.49367088607594933,0.4683544303797468,0.37837837837837834,0.16,0.0,0.0,0.6712328767123287,0.22,0
902,0.45569620253164556,0.3797468354430379,0.4459459459459459,0.27,0.0,0.0,0.7534246575342466,0.22,0
903,0.7215189873417721,0.5822784810126581,0.24324324324324326,0.49,0.0,0.0,0.547945205479452,0.26,0
904,0.49367088607594933,0.481012658227848,0.4189189189189188,0.27,0.0,0.0,0.6575342465753424,0.22,0
905,0.44303797468354433,0.30379746835443033,0.2972972972972972,0.36,0.0,0.0,0.6575342465753424,0.22,0
906,0.26582278481012656,0.6962025316455696,0.3378378378378378,0.16,0.0,1.0,0.7534246575342466,0.22,0
907,0.36708860759493667,0.3417721518987341,0.22972972972972966,0.19,0.0,1.0,0.6575342465753424,0.22,0
908,0.5822784810126581,0.49367088607594933,0.27027027027027023,0.2,0.0,1.0,0.7123287671232876,0.41,0
909,0.7974683544303797,0.7848101265822784,0.25675675675675674,0.44,0.0,0.0,0.7123287671232876,0.22,0
910,0.7341772151898733,0.5949367088607594,0.3378378378378378,0.13,0.0,1.0,0.7123287671232876,0.22,0
911,0.8987341772151897,0.6329113924050632,0.2837837837837837,0.18,0.0,0.0,0.684931506849315,0.22,0
912,0.8481012658227848,0.7721518987341771,0.4324324324324323,0.25,1.0,0.0,0.726027397260274,0.22,0
913,0.8354430379746834,0.8481012658227847,0.3378378378378378,0.4,1.0,0.0,0.7397260273972602,0.22,0
914,0.9367088607594937,0.5443037974683544,0.09459459459459457,0.38,1.0,0.0,0.7534246575342466,0.25,0
915,0.9493670886075948,1.0,0.3243243243243243,0.37,1.0,0.0,0.726027397260274,0.32,0
916,0.7468354430379746,0.8987341772151898,0.3108108108108108,0.28,1.0,0.0,0.7945205479452054,0.22,0
917,0.3291139240506329,0.29113924050632906,0.40540540540540543,0.18,0.0,0.0,0.6575342465753424,0.26,1
918,0.7974683544303797,0.5569620253164556,0.3378378378378378,0.28,0.0,0.0,0.7945205479452054,0.22,1
919,0.7468354430379746,0.6582278481012658,0.37837837837837834,0.28,0.0,0.0,0.821917808219178,0.4,1
920,0.31645569620253156,0.6962025316455696,0.16216216216216212,0.08,0.0,0.0,0.726027397260274,0.25,1
921,0.3924050632911392,0.240506329113924,0.2972972972972972,0.16,0.0,0.0,0.7534246575342466,0.22,1
922,0.5063291139240506,0.4177215189873418,0.3108108108108108,0.21,0.0,0.0,0.7534246575342466,0.22,1
923,0.8734177215189872,0.8734177215189871,0.4189189189189188,0.26,0.0,0.0,0.7808219178082191,0.27,1
924,0.44303797468354433,0.45569620253164556,0.25675675675675674,0.28,0.0,0.0,0.7534246575342466,0.22,1
925,0.36708860759493667,0.29113924050632906,0.39189189189189194,0.15,0.0,0.0,0.726027397260274,0.22,1
926,0.36708860759493667,0.3291139240506329,0.09459459459459457,0.17,0.0,0.0,0.6986301369863014,0.31,1
927,0.810126582278481,0.7088607594936708,0.2972972972972972,0.13,0.0,0.0,0.7808219178082191,0.4,1
928,0.6582278481012658,0.5316455696202531,0.36486486486486486,0.51,0.0,0.0,0.7534246575342466,0.22,1
929,0.7468354430379746,0.8227848101265822,0.36486486486486486,0.24,0.0,0.0,0.6575342465753424,0.22,1
930,0.5949367088607594,0.3797468354430379,0.08108108108108109,0.11,0.0,0.0,0.6712328767123287,0.22,1
931,0.4810126582278481,0.4683544303797468,0.21621621621621617,0.43,0.0,0.0,0.684931506849315,0.36,1
932,0.5569620253164557,0.3924050632911392,0.3243243243243243,0.09,0.0,0.0,0.7534246575342466,0.22,1
933,0.31645569620253156,0.481012658227848,0.3378378378378378,0.17,0.0,0.0,0.7123287671232876,0.22,1
934,0.7215189873417721,0.6962025316455696,0.12162162162162155,0.16,0.0,0.0,0.8493150684931506,0.22,1
935,0.4177215189873418,0.2784810126582278,0.39189189189189194,0.14,0.0,0.0,0.7123287671232876,0.22,1
936,0.7848101265822784,0.5822784810126581,0.12162162162162155,0.15,0.0,0.0,0.7397260273972602,0.22,1
937,0.620253164556962,0.30379746835443033,0.35135135135135137,0.15,0.0,0.0,0.7534246575342466,0.26,1
938,0.670886075949367,0.6075949367088607,0.40540540540540543,0.15,0.0,0.0,0.7397260273972602,0.22,1
939,0.4683544303797468,0.5696202531645569,0.4324324324324323,0.12,0.0,0.0,0.6712328767123287,0.22,1
940,0.6835443037974683,0.5696202531645569,0.36486486486486486,0.21,0.0,0.0,0.6986301369863014,0.22,1
941,0.4683544303797468,0.45569620253164556,0.3108108108108108,0.26,0.0,0.0,0.5342465753424658,0.27,1
942,0.5822784810126581,0.5189873417721519,0.08108108108108109,0.15,0.0,0.0,0.7123287671232876,0.25,1
943,0.5822784810126581,0.430379746835443,0.2972972972972972,0.17,0.0,0.0,0.7123287671232876,0.26,1
944,0.21518987341772153,0.4177215189873418,0.0,0.18,0.0,0.0,0.5342465753424658,0.22,1
945,0.7341772151898733,0.721518987341772,0.3243243243243243,0.3,0.0,0.0,0.7397260273972602,0.22,1
946,0.36708860759493667,0.29113924050632906,0.08108108108108109,0.16,0.0,0.0,0.6986301369863014,0.27,1
