f1_macro_best,f1_macro_mean,f1_macro_worst,accuracy__best,tn__best,fp__best,fn__best,tp__best,recall__best,#phenotypes,stddev
0.799749687108886,0.7469166055036546,0.4871794871794872,0.84375,6,5,0,21,0.7727272727272727,7,0.05793063933363356
0.799749687108886,0.799117012207288,0.7681159420289854,0.84375,6,5,0,21,0.7727272727272727,2,0.004428724311186096
0.8454106280193237,0.802100757143989,0.799749687108886,0.875,7,4,0,21,0.8181818181818181,3,0.009205993130937156
0.8877192982456141,0.8086885596571102,0.799749687108886,0.90625,8,3,0,21,0.8636363636363636,4,0.01941855012556033
0.8877192982456141,0.8489780181679495,0.8454106280193237,0.90625,8,3,0,21,0.8636363636363636,3,0.011495412769713715
0.8877192982456141,0.8863923444976075,0.8545454545454545,0.90625,8,3,0,21,0.8636363636363636,2,0.00650071918977867
0.8877192982456141,0.887719298245614,0.8877192982456141,0.90625,8,3,0,21,0.8636363636363636,1,1.1102230246251565e-16
0.8877192982456141,0.887719298245614,0.8877192982456141,0.90625,8,3,0,21,0.8636363636363636,1,1.1102230246251565e-16
0.8877192982456141,0.887719298245614,0.8877192982456141,0.90625,8,3,0,21,0.8636363636363636,1,1.1102230246251565e-16
0.8877192982456141,0.887719298245614,0.8877192982456141,0.90625,8,3,0,21,0.8636363636363636,1,1.1102230246251565e-16
0.8877192982456141,0.887719298245614,0.8877192982456141,0.90625,8,3,0,21,0.8636363636363636,1,1.1102230246251565e-16
0.8877192982456141,0.887719298245614,0.8877192982456141,0.90625,8,3,0,21,0.8636363636363636,1,1.1102230246251565e-16
0.8877192982456141,0.887719298245614,0.8877192982456141,0.90625,8,3,0,21,0.8636363636363636,1,1.1102230246251565e-16
0.8877192982456141,0.887719298245614,0.8877192982456141,0.90625,8,3,0,21,0.8636363636363636,1,1.1102230246251565e-16

0.6342857142857143,0.5263028706402735,0.39622641509433965,0.75,3,8,0,21,0.6363636363636364,4,0.07294654079388452
0.75,0.5924936436112906,0.5656108597285068,0.8125,5,6,0,21,0.7272727272727273,4,0.041330837518322706
0.75,0.6315834518422754,0.5656108597285068,0.8125,5,6,0,21,0.7272727272727273,4,0.03880462450275612
0.75,0.6914380952380954,0.6342857142857143,0.8125,5,6,0,21,0.7272727272727273,3,0.040140511709146245
0.75,0.75,0.75,0.8125,5,6,0,21,0.7272727272727273,1,0.0
0.75,0.75,0.75,0.8125,5,6,0,21,0.7272727272727273,1,0.0
0.8128654970760234,0.7560538853709522,0.75,0.84375,7,4,1,20,0.7943722943722944,4,0.01495702189519562
0.8454106280193237,0.7940120294023771,0.7681159420289854,0.875,7,4,0,21,0.8181818181818181,4,0.017017668650364297
0.8454106280193237,0.8169941259526352,0.799749687108886,0.875,7,4,0,21,0.8181818181818181,3,0.018571367103355257
0.8454106280193237,0.8402034070683958,0.8128654970760234,0.875,7,4,0,21,0.8181818181818181,2,0.011931242083993836
0.8454106280193237,0.8454106280193237,0.8454106280193237,0.875,7,4,0,21,0.8181818181818181,1,0.0
0.8454106280193237,0.8454106280193237,0.8454106280193237,0.875,7,4,0,21,0.8181818181818181,1,0.0
0.8454106280193237,0.8454106280193237,0.8454106280193237,0.875,7,4,0,21,0.8181818181818181,1,0.0
0.8454106280193237,0.8454106280193237,0.8454106280193237,0.875,7,4,0,21,0.8181818181818181,1,0.0

0.8454106280193237,0.6978509728626696,0.39622641509433965,0.875,7,4,0,21,0.8181818181818181,9,0.12221659228347889
0.8877192982456141,0.8069883922408733,0.799749687108886,0.90625,8,3,0,21,0.8636363636363636,3,0.01877670846187542
0.8877192982456141,0.8159864895955948,0.799749687108886,0.90625,8,3,0,21,0.8636363636363636,3,0.02647766152776323
0.8877192982456141,0.8572570556826851,0.8454106280193237,0.90625,8,3,0,21,0.8636363636363636,2,0.018996545817213897
0.9272727272727272,0.8885103668261563,0.8877192982456141,0.9375,9,2,0,21,0.9090909090909092,2,0.0055374800637958375
0.9272727272727272,0.898122557980575,0.8877192982456141,0.9375,9,2,0,21,0.9090909090909092,3,0.0172987802902387
0.9272727272727272,0.9272727272727275,0.9272727272727272,0.9375,9,2,0,21,0.9090909090909092,1,2.220446049250313e-16
0.9272727272727272,0.9272727272727275,0.9272727272727272,0.9375,9,2,0,21,0.9090909090909092,1,2.220446049250313e-16
0.9272727272727272,0.9272727272727275,0.9272727272727272,0.9375,9,2,0,21,0.9090909090909092,1,2.220446049250313e-16
0.9272727272727272,0.9272727272727275,0.9272727272727272,0.9375,9,2,0,21,0.9090909090909092,1,2.220446049250313e-16
0.9272727272727272,0.9272727272727275,0.9272727272727272,0.9375,9,2,0,21,0.9090909090909092,1,2.220446049250313e-16
0.9272727272727272,0.9272727272727275,0.9272727272727272,0.9375,9,2,0,21,0.9090909090909092,1,2.220446049250313e-16
0.9272727272727272,0.9272727272727275,0.9272727272727272,0.9375,9,2,0,21,0.9090909090909092,1,2.220446049250313e-16
0.9272727272727272,0.9272727272727275,0.9272727272727272,0.9375,9,2,0,21,0.9090909090909092,1,2.220446049250313e-16

0.8545454545454545,0.7111115048886113,0.639549436795995,0.875,8,3,1,20,0.8398268398268398,16,0.044584684555259095
0.8545454545454545,0.7840212785653335,0.7380116959064327,0.875,8,3,1,20,0.8398268398268398,10,0.030376339944841287
0.8545454545454545,0.8111888519278235,0.7818181818181819,0.875,8,3,1,20,0.8398268398268398,7,0.017942969553540397
0.8877192982456141,0.857824376487992,0.8454106280193237,0.90625,8,3,0,21,0.8636363636363636,3,0.016373006891576884
0.8877192982456141,0.887719298245614,0.8877192982456141,0.90625,8,3,0,21,0.8636363636363636,1,1.1102230246251565e-16
0.8877192982456141,0.887719298245614,0.8877192982456141,0.90625,8,3,0,21,0.8636363636363636,1,1.1102230246251565e-16
0.893687707641196,0.8878386664335257,0.8877192982456141,0.90625,9,2,1,20,0.8852813852813852,2,0.0008355773153814596
0.9272727272727272,0.8911223089436063,0.8877192982456141,0.9375,9,2,0,21,0.9090909090909092,3,0.010723912273145026
0.9272727272727272,0.8961074568026832,0.8877192982456141,0.9375,9,2,0,21,0.9090909090909092,3,0.015664715076856767
0.9272727272727272,0.9272727272727275,0.9272727272727272,0.9375,9,2,0,21,0.9090909090909092,1,2.220446049250313e-16
0.9272727272727272,0.9272727272727275,0.9272727272727272,0.9375,9,2,0,21,0.9090909090909092,1,2.220446049250313e-16
0.9272727272727272,0.9272727272727275,0.9272727272727272,0.9375,9,2,0,21,0.9090909090909092,1,2.220446049250313e-16
0.9272727272727272,0.9272727272727275,0.9272727272727272,0.9375,9,2,0,21,0.9090909090909092,1,2.220446049250313e-16
0.9272727272727272,0.9272727272727275,0.9272727272727272,0.9375,9,2,0,21,0.9090909090909092,1,2.220446049250313e-16

0.75,0.6737436359813975,0.4871794871794872,0.8125,5,6,0,21,0.7272727272727273,8,0.06626452830815349
0.75,0.7348247809762202,0.7196495619524406,0.8125,5,6,0,21,0.7272727272727273,2,0.01517521902377972
0.75,0.75,0.75,0.8125,5,6,0,21,0.7272727272727273,1,0.0
0.75,0.75,0.75,0.8125,5,6,0,21,0.7272727272727273,1,0.0
0.75,0.75,0.75,0.8125,5,6,0,21,0.7272727272727273,1,0.0
0.75,0.75,0.75,0.8125,5,6,0,21,0.7272727272727273,1,0.0
0.75,0.75,0.75,0.8125,5,6,0,21,0.7272727272727273,1,0.0
0.75,0.75,0.75,0.8125,5,6,0,21,0.7272727272727273,1,0.0
0.75,0.75,0.75,0.8125,5,6,0,21,0.7272727272727273,1,0.0
0.75,0.75,0.75,0.8125,5,6,0,21,0.7272727272727273,1,0.0
0.799749687108886,0.7517196314233371,0.75,0.84375,6,5,0,21,0.7727272727272727,3,0.0077246999514812955
0.799749687108886,0.7820347898641415,0.7681159420289854,0.84375,6,5,0,21,0.7727272727272727,2,0.01570257810568146
0.799749687108886,0.799749687108886,0.799749687108886,0.84375,6,5,0,21,0.7727272727272727,1,0.0
0.799749687108886,0.799749687108886,0.799749687108886,0.84375,6,5,0,21,0.7727272727272727,1,0.0

0.75,0.6931245457921302,0.4871794871794872,0.8125,5,6,0,21,0.7272727272727273,7,0.06948924054064798
0.75,0.75,0.75,0.8125,5,6,0,21,0.7272727272727273,1,0.0
0.75,0.75,0.75,0.8125,5,6,0,21,0.7272727272727273,1,0.0
0.799749687108886,0.7509949937421777,0.75,0.84375,6,5,0,21,0.7727272727272727,2,0.006964956195244047
0.799749687108886,0.7629349186483103,0.75,0.84375,6,5,0,21,0.7727272727272727,2,0.021821916393706786
0.8454106280193237,0.8447597254004577,0.8128654970760234,0.875,7,4,0,21,0.8181818181818181,2,0.004556318332062034
0.8454106280193237,0.8454106280193237,0.8454106280193237,0.875,7,4,0,21,0.8181818181818181,1,0.0
0.8454106280193237,0.8454106280193237,0.8454106280193237,0.875,7,4,0,21,0.8181818181818181,1,0.0
0.8454106280193237,0.8454106280193237,0.8454106280193237,0.875,7,4,0,21,0.8181818181818181,1,0.0
0.8877192982456141,0.8471029748283754,0.8454106280193237,0.90625,8,3,0,21,0.8636363636363636,2,0.008290772300007566
0.8877192982456141,0.851516538381527,0.8454106280193237,0.90625,8,3,0,21,0.8636363636363636,3,0.014662539358732117
0.8877192982456141,0.8739497492083305,0.8454106280193237,0.90625,8,3,0,21,0.8636363636363636,3,0.01856030332478595
0.9272727272727272,0.8918385180710763,0.8877192982456141,0.9375,9,2,0,21,0.9090909090909092,3,0.010671899248394014
0.9272727272727272,0.9019726907119809,0.8877192982456141,0.9375,9,2,0,21,0.9090909090909092,3,0.016746094823148826

0.8454106280193237,0.6243279250942607,0.39622641509433965,0.875,7,4,0,21,0.8181818181818181,8,0.11116327782715367
0.8454106280193237,0.7615817468523025,0.6952380952380952,0.875,7,4,0,21,0.8181818181818181,5,0.05601562506004822
0.8877192982456141,0.8220574803172157,0.799749687108886,0.90625,8,3,0,21,0.8636363636363636,4,0.025549130127866176
0.8877192982456141,0.867180361972124,0.8454106280193237,0.90625,8,3,0,21,0.8636363636363636,3,0.01996600133132448
0.9272727272727272,0.8922714820878836,0.8877192982456141,0.9375,9,2,0,21,0.9090909090909092,3,0.011801999327139233
0.9272727272727272,0.9272727272727275,0.9272727272727272,0.9375,9,2,0,21,0.9090909090909092,1,2.220446049250313e-16
0.9272727272727272,0.9272727272727275,0.9272727272727272,0.9375,9,2,0,21,0.9090909090909092,1,2.220446049250313e-16
0.9272727272727272,0.9272727272727275,0.9272727272727272,0.9375,9,2,0,21,0.9090909090909092,1,2.220446049250313e-16
0.9272727272727272,0.9272727272727275,0.9272727272727272,0.9375,9,2,0,21,0.9090909090909092,1,2.220446049250313e-16
0.9272727272727272,0.9272727272727275,0.9272727272727272,0.9375,9,2,0,21,0.9090909090909092,1,2.220446049250313e-16
0.9272727272727272,0.9272727272727275,0.9272727272727272,0.9375,9,2,0,21,0.9090909090909092,1,2.220446049250313e-16
0.9272727272727272,0.9272727272727275,0.9272727272727272,0.9375,9,2,0,21,0.9090909090909092,1,2.220446049250313e-16
0.9272727272727272,0.9272727272727275,0.9272727272727272,0.9375,9,2,0,21,0.9090909090909092,1,2.220446049250313e-16
0.9272727272727272,0.9272727272727275,0.9272727272727272,0.9375,9,2,0,21,0.9090909090909092,1,2.220446049250313e-16

0.5656108597285068,0.4157352229716271,0.39622641509433965,0.71875,2,9,0,21,0.5909090909090909,3,0.04387703959486952
0.5656108597285068,0.5169834087481148,0.4871794871794872,0.71875,2,9,0,21,0.5909090909090909,2,0.03806952501807557
0.6342857142857143,0.566984356819651,0.5656108597285068,0.75,3,8,0,21,0.6363636363636364,2,0.009614479638009056
0.6342857142857143,0.5683578539107951,0.5656108597285068,0.75,3,8,0,21,0.6363636363636364,2,0.013457468146000521
0.6342857142857143,0.5903338073691016,0.5656108597285068,0.75,3,8,0,21,0.6363636363636364,2,0.03296393018745963
0.6342857142857143,0.6342857142857143,0.6342857142857143,0.75,3,8,0,21,0.6363636363636364,1,0.0
0.6342857142857143,0.6342857142857143,0.6342857142857143,0.75,3,8,0,21,0.6363636363636364,1,0.0
0.6342857142857143,0.6342857142857143,0.6342857142857143,0.75,3,8,0,21,0.6363636363636364,1,0.0
0.6952380952380952,0.6355047619047619,0.6342857142857143,0.78125,4,7,0,21,0.6818181818181819,2,0.008533333333333323
0.6952380952380952,0.6355047619047619,0.6342857142857143,0.78125,4,7,0,21,0.6818181818181819,2,0.008533333333333323
0.6952380952380952,0.6392380952380953,0.6342857142857143,0.78125,4,7,0,21,0.6818181818181819,3,0.015502468532857739
0.6952380952380952,0.6502857142857142,0.6342857142857143,0.78125,4,7,0,21,0.6818181818181819,3,0.025401269452448964
0.7196495619524406,0.6957263245723823,0.6952380952380952,0.78125,5,6,1,20,0.7034632034632035,2,0.003417605340008349
0.7196495619524406,0.6957263245723823,0.6952380952380952,0.78125,5,6,1,20,0.7034632034632035,2,0.003417605340008349

0.7196495619524406,0.5723364010221371,0.46907993966817496,0.78125,5,6,1,20,0.7034632034632035,11,0.04131660569371575
0.7196495619524406,0.6099293153728201,0.5656108597285068,0.78125,5,6,1,20,0.7034632034632035,8,0.039164615515270694
0.7196495619524406,0.6612775286137307,0.6081632653061224,0.78125,5,6,1,20,0.7034632034632035,9,0.03153870842705989
0.75,0.7133939085347367,0.6908212560386473,0.8125,5,6,0,21,0.7272727272727273,4,0.014864021759527387
0.75,0.740894868585732,0.7196495619524406,0.8125,5,6,0,21,0.7272727272727273,2,0.013908317972800885
0.75,0.75,0.75,0.8125,5,6,0,21,0.7272727272727273,1,0.0
0.75,0.75,0.75,0.8125,5,6,0,21,0.7272727272727273,1,0.0
0.75,0.75,0.75,0.8125,5,6,0,21,0.7272727272727273,1,0.0
0.75,0.75,0.75,0.8125,5,6,0,21,0.7272727272727273,1,0.0
0.75,0.75,0.75,0.8125,5,6,0,21,0.7272727272727273,1,0.0
0.75,0.75,0.75,0.8125,5,6,0,21,0.7272727272727273,1,0.0
0.75,0.75,0.75,0.8125,5,6,0,21,0.7272727272727273,1,0.0
0.75,0.75,0.75,0.8125,5,6,0,21,0.7272727272727273,1,0.0
0.75,0.75,0.75,0.8125,5,6,0,21,0.7272727272727273,1,0.0

0.4871794871794872,0.45625544267053714,0.39622641509433965,0.6875,1,10,0,21,0.5454545454545454,2,0.043085268022786234
0.5656108597285068,0.4887481146304677,0.4871794871794872,0.71875,2,9,0,21,0.5909090909090909,2,0.010980392156862737
0.5656108597285068,0.49188536953242845,0.4871794871794872,0.71875,2,9,0,21,0.5909090909090909,2,0.018626418960059465
0.6342857142857143,0.5572528580663035,0.4871794871794872,0.75,3,8,0,21,0.6363636363636364,4,0.04585832739414396
0.6952380952380952,0.6449142857142857,0.6342857142857143,0.78125,4,7,0,21,0.6818181818181819,3,0.020133216200046686
0.6952380952380952,0.6952380952380953,0.6952380952380952,0.78125,4,7,0,21,0.6818181818181819,1,1.1102230246251565e-16
0.6952380952380952,0.6952380952380953,0.6952380952380952,0.78125,4,7,0,21,0.6818181818181819,1,1.1102230246251565e-16
0.6952380952380952,0.6952380952380953,0.6952380952380952,0.78125,4,7,0,21,0.6818181818181819,1,1.1102230246251565e-16
0.6952380952380952,0.6952380952380953,0.6952380952380952,0.78125,4,7,0,21,0.6818181818181819,1,1.1102230246251565e-16
0.7196495619524406,0.6957263245723823,0.6952380952380952,0.78125,5,6,1,20,0.7034632034632035,2,0.003417605340008349
0.75,0.7020601942904823,0.6952380952380952,0.8125,5,6,0,21,0.7272727272727273,3,0.015904723584084544
0.75,0.740894868585732,0.7196495619524406,0.8125,5,6,0,21,0.7272727272727273,2,0.013908317972800885
0.7681159420289854,0.7507246376811594,0.75,0.8125,6,5,1,20,0.7489177489177489,2,0.003549985134468346
0.799749687108886,0.7556131758901526,0.75,0.84375,6,5,0,21,0.7727272727272727,3,0.01153823999763416

0.8454106280193237,0.737152103876727,0.4871794871794872,0.875,7,4,0,21,0.8181818181818181,7,0.08761814107842629
0.8454106280193237,0.8024893435635124,0.799749687108886,0.875,7,4,0,21,0.8181818181818181,2,0.010843872647731213
0.8454106280193237,0.8064045350356901,0.799749687108886,0.875,7,4,0,21,0.8181818181818181,3,0.015844320811214972
0.8454106280193237,0.8224538873439243,0.799749687108886,0.875,7,4,0,21,0.8181818181818181,3,0.022262144817371897
0.8877192982456141,0.8471029748283754,0.8454106280193237,0.90625,8,3,0,21,0.8636363636363636,2,0.008290772300007566
0.8877192982456141,0.8540069805607564,0.8454106280193237,0.90625,8,3,0,21,0.8636363636363636,3,0.015139204283139354
0.8877192982456141,0.887719298245614,0.8877192982456141,0.90625,8,3,0,21,0.8636363636363636,1,1.1102230246251565e-16
0.8877192982456141,0.887719298245614,0.8877192982456141,0.90625,8,3,0,21,0.8636363636363636,1,1.1102230246251565e-16
0.8877192982456141,0.887719298245614,0.8877192982456141,0.90625,8,3,0,21,0.8636363636363636,1,1.1102230246251565e-16
0.8877192982456141,0.887719298245614,0.8877192982456141,0.90625,8,3,0,21,0.8636363636363636,1,1.1102230246251565e-16
0.8877192982456141,0.887719298245614,0.8877192982456141,0.90625,8,3,0,21,0.8636363636363636,1,1.1102230246251565e-16
0.8877192982456141,0.887719298245614,0.8877192982456141,0.90625,8,3,0,21,0.8636363636363636,1,1.1102230246251565e-16
0.8877192982456141,0.887719298245614,0.8877192982456141,0.90625,8,3,0,21,0.8636363636363636,1,1.1102230246251565e-16
0.8877192982456141,0.887719298245614,0.8877192982456141,0.90625,8,3,0,21,0.8636363636363636,1,1.1102230246251565e-16

0.6342857142857143,0.5334685091453127,0.39622641509433965,0.75,3,8,0,21,0.6363636363636364,4,0.06519841164971343
0.6952380952380952,0.5819383753501401,0.5656108597285068,0.78125,4,7,0,21,0.6818181818181819,3,0.031823321118846316
0.6952380952380952,0.6132199095022625,0.5656108597285068,0.78125,4,7,0,21,0.6818181818181819,3,0.03843160505228276
0.6952380952380952,0.6501333333333333,0.6342857142857143,0.78125,4,7,0,21,0.6818181818181819,2,0.026735801538390887
0.75,0.7291904761904763,0.6952380952380952,0.8125,5,6,0,21,0.7272727272727273,2,0.026580686217977798
0.75,0.75,0.75,0.8125,5,6,0,21,0.7272727272727273,1,0.0
0.75,0.75,0.75,0.8125,5,6,0,21,0.7272727272727273,1,0.0
0.75,0.75,0.75,0.8125,5,6,0,21,0.7272727272727273,1,0.0
0.799749687108886,0.7583222687780014,0.75,0.84375,6,5,0,21,0.7727272727272727,3,0.018256741447689483
0.8454106280193237,0.8009252221264376,0.799749687108886,0.875,7,4,0,21,0.8181818181818181,3,0.006614910229241274
0.8454106280193237,0.8105820427072107,0.799749687108886,0.875,7,4,0,21,0.8181818181818181,3,0.018752713828108062
0.8454106280193237,0.8322565296628411,0.799749687108886,0.875,7,4,0,21,0.8181818181818181,3,0.017058849999776544
0.8454106280193237,0.8454106280193237,0.8454106280193237,0.875,7,4,0,21,0.8181818181818181,1,0.0
0.8454106280193237,0.8454106280193237,0.8454106280193237,0.875,7,4,0,21,0.8181818181818181,1,0.0

0.8454106280193237,0.6941853970482401,0.39622641509433965,0.875,7,4,0,21,0.8181818181818181,8,0.12696245158296834
0.8454106280193237,0.8036648785810638,0.799749687108886,0.875,7,4,0,21,0.8181818181818181,3,0.012446103291560201
0.8454106280193237,0.8091441914903164,0.799749687108886,0.875,7,4,0,21,0.8181818181818181,3,0.01822547891865845
0.8454106280193237,0.842544701344517,0.799749687108886,0.875,7,4,0,21,0.8181818181818181,3,0.009850686660236132
0.8877192982456141,0.8599782724267852,0.8454106280193237,0.90625,8,3,0,21,0.8636363636363636,3,0.019951457427435943
0.9272727272727272,0.8902118721751525,0.8877192982456141,0.9375,9,2,0,21,0.9090909090909092,3,0.009400422239890254
0.9272727272727272,0.8968985253832256,0.8877192982456141,0.9375,9,2,0,21,0.9090909090909092,3,0.016210359851953682
0.9272727272727272,0.9272727272727275,0.9272727272727272,0.9375,9,2,0,21,0.9090909090909092,1,2.220446049250313e-16
0.9272727272727272,0.9272727272727275,0.9272727272727272,0.9375,9,2,0,21,0.9090909090909092,1,2.220446049250313e-16
0.9272727272727272,0.9272727272727275,0.9272727272727272,0.9375,9,2,0,21,0.9090909090909092,1,2.220446049250313e-16
0.9272727272727272,0.9272727272727275,0.9272727272727272,0.9375,9,2,0,21,0.9090909090909092,1,2.220446049250313e-16
0.9272727272727272,0.9272727272727275,0.9272727272727272,0.9375,9,2,0,21,0.9090909090909092,1,2.220446049250313e-16
0.9272727272727272,0.9272727272727275,0.9272727272727272,0.9375,9,2,0,21,0.9090909090909092,1,2.220446049250313e-16
0.9272727272727272,0.9272727272727275,0.9272727272727272,0.9375,9,2,0,21,0.9090909090909092,1,2.220446049250313e-16

0.8128654970760234,0.715140515974547,0.6342857142857143,0.84375,7,4,1,20,0.7943722943722944,14,0.04262793233423005
0.8454106280193237,0.7729335402462385,0.7380116959064327,0.875,7,4,0,21,0.8181818181818181,11,0.026066967791722157
0.8545454545454545,0.8059602382386344,0.7818181818181819,0.875,8,3,1,20,0.8398268398268398,7,0.02257338618466585
0.8877192982456141,0.8523530298307586,0.8228128460686601,0.90625,8,3,0,21,0.8636363636363636,4,0.015960628345732523
0.8877192982456141,0.887719298245614,0.8877192982456141,0.90625,8,3,0,21,0.8636363636363636,1,1.1102230246251565e-16
0.893687707641196,0.8878386664335257,0.8877192982456141,0.90625,9,2,1,20,0.8852813852813852,2,0.0008355773153814596
0.893687707641196,0.8879580346214374,0.8877192982456141,0.90625,9,2,1,20,0.8852813852813852,2,0.0011695646076166795
0.9272727272727272,0.8892265759536262,0.8877192982456141,0.9375,9,2,0,21,0.9090909090909092,3,0.005769940914132457
0.9272727272727272,0.8965100701012574,0.8877192982456141,0.9375,9,2,0,21,0.9090909090909092,3,0.014639048459044835
0.9272727272727272,0.9272727272727275,0.9272727272727272,0.9375,9,2,0,21,0.9090909090909092,1,2.220446049250313e-16
0.9272727272727272,0.9272727272727275,0.9272727272727272,0.9375,9,2,0,21,0.9090909090909092,1,2.220446049250313e-16
0.9272727272727272,0.9272727272727275,0.9272727272727272,0.9375,9,2,0,21,0.9090909090909092,1,2.220446049250313e-16
0.9272727272727272,0.9272727272727275,0.9272727272727272,0.9375,9,2,0,21,0.9090909090909092,1,2.220446049250313e-16
0.9272727272727272,0.9272727272727275,0.9272727272727272,0.9375,9,2,0,21,0.9090909090909092,1,2.220446049250313e-16

0.75,0.6767555603583496,0.4871794871794872,0.8125,5,6,0,21,0.7272727272727273,9,0.05839855102385262
0.75,0.7311827284105129,0.7196495619524406,0.8125,5,6,0,21,0.7272727272727273,2,0.014731691197154246
0.75,0.7451439299123905,0.7196495619524406,0.8125,5,6,0,21,0.7272727272727273,2,0.011126654378240708
0.75,0.75,0.75,0.8125,5,6,0,21,0.7272727272727273,1,0.0
0.7681159420289854,0.7507246376811594,0.75,0.8125,6,5,1,20,0.7489177489177489,2,0.003549985134468346
0.799749687108886,0.7632163392646604,0.75,0.84375,6,5,0,21,0.7727272727272727,3,0.01592504576986405
0.799749687108886,0.799749687108886,0.799749687108886,0.84375,6,5,0,21,0.7727272727272727,1,0.0
0.799749687108886,0.799749687108886,0.799749687108886,0.84375,6,5,0,21,0.7727272727272727,1,0.0
0.799749687108886,0.799749687108886,0.799749687108886,0.84375,6,5,0,21,0.7727272727272727,1,0.0
0.799749687108886,0.799749687108886,0.799749687108886,0.84375,6,5,0,21,0.7727272727272727,1,0.0
0.799749687108886,0.799749687108886,0.799749687108886,0.84375,6,5,0,21,0.7727272727272727,1,0.0
0.799749687108886,0.799749687108886,0.799749687108886,0.84375,6,5,0,21,0.7727272727272727,1,0.0
0.799749687108886,0.799749687108886,0.799749687108886,0.84375,6,5,0,21,0.7727272727272727,1,0.0
0.799749687108886,0.799749687108886,0.799749687108886,0.84375,6,5,0,21,0.7727272727272727,1,0.0

0.75,0.692158043639282,0.39622641509433965,0.8125,5,6,0,21,0.7272727272727273,8,0.07869070842181862
0.75,0.75,0.75,0.8125,5,6,0,21,0.7272727272727273,1,0.0
0.799749687108886,0.7519899874843554,0.75,0.84375,6,5,0,21,0.7727272727272727,2,0.00974890786239111
0.8454106280193237,0.7618581499821636,0.75,0.875,7,4,0,21,0.8181818181818181,3,0.023161483356377653
0.8454106280193237,0.8383671936729964,0.799749687108886,0.875,7,4,0,21,0.8181818181818181,3,0.016231535880717355
0.8877192982456141,0.8462568014238495,0.8454106280193237,0.90625,8,3,0,21,0.8636363636363636,2,0.005923213831680667
0.8877192982456141,0.848795321637427,0.8454106280193237,0.90625,8,3,0,21,0.8636363636363636,2,0.01147805450487717
0.8877192982456141,0.8508530615075238,0.8454106280193237,0.90625,8,3,0,21,0.8636363636363636,3,0.013730278551837836
0.8877192982456141,0.8628821857014077,0.8454106280193237,0.90625,8,3,0,21,0.8636363636363636,3,0.020390213486576342
0.8877192982456141,0.887719298245614,0.8877192982456141,0.90625,8,3,0,21,0.8636363636363636,1,1.1102230246251565e-16
0.8877192982456141,0.887719298245614,0.8877192982456141,0.90625,8,3,0,21,0.8636363636363636,1,1.1102230246251565e-16
0.8877192982456141,0.887719298245614,0.8877192982456141,0.90625,8,3,0,21,0.8636363636363636,1,1.1102230246251565e-16
0.9272727272727272,0.8893014354066986,0.8877192982456141,0.9375,9,2,0,21,0.9090909090909092,2,0.007750857495505281
0.9272727272727272,0.8893014354066986,0.8877192982456141,0.9375,9,2,0,21,0.9090909090909092,2,0.007750857495505281

0.75,0.6074973375126539,0.39622641509433965,0.8125,5,6,0,21,0.7272727272727273,6,0.09017415802308666
0.8877192982456141,0.719030239959664,0.6342857142857143,0.90625,8,3,0,21,0.8636363636363636,9,0.06571259808960922
0.8877192982456141,0.8211822375396608,0.75,0.90625,8,3,0,21,0.8636363636363636,7,0.04478280243576083
0.8877192982456141,0.8850653907496011,0.8545454545454545,0.90625,8,3,0,21,0.8636363636363636,2,0.00899983819132416
0.9272727272727272,0.8885103668261563,0.8877192982456141,0.9375,9,2,0,21,0.9090909090909092,2,0.0055374800637958375
0.9272727272727272,0.8944949689233656,0.8877192982456141,0.9375,9,2,0,21,0.9090909090909092,3,0.01240719896856323
0.9272727272727272,0.9272727272727275,0.9272727272727272,0.9375,9,2,0,21,0.9090909090909092,1,2.220446049250313e-16
0.9272727272727272,0.9272727272727275,0.9272727272727272,0.9375,9,2,0,21,0.9090909090909092,1,2.220446049250313e-16
0.9272727272727272,0.9272727272727275,0.9272727272727272,0.9375,9,2,0,21,0.9090909090909092,1,2.220446049250313e-16
0.9272727272727272,0.9272727272727275,0.9272727272727272,0.9375,9,2,0,21,0.9090909090909092,1,2.220446049250313e-16
0.9272727272727272,0.9272727272727275,0.9272727272727272,0.9375,9,2,0,21,0.9090909090909092,1,2.220446049250313e-16
0.9272727272727272,0.9272727272727275,0.9272727272727272,0.9375,9,2,0,21,0.9090909090909092,1,2.220446049250313e-16
0.9272727272727272,0.9272727272727275,0.9272727272727272,0.9375,9,2,0,21,0.9090909090909092,1,2.220446049250313e-16
0.9272727272727272,0.9272727272727275,0.9272727272727272,0.9375,9,2,0,21,0.9090909090909092,1,2.220446049250313e-16

0.5656108597285068,0.43656222430917224,0.39622641509433965,0.71875,2,9,0,21,0.5909090909090909,3,0.06029838137004501
0.5656108597285068,0.5232579185520363,0.4871794871794872,0.71875,2,9,0,21,0.5909090909090909,2,0.039089994649026204
0.6342857142857143,0.566984356819651,0.5656108597285068,0.75,3,8,0,21,0.6363636363636364,2,0.009614479638009056
0.6342857142857143,0.566984356819651,0.5656108597285068,0.75,3,8,0,21,0.6363636363636364,2,0.009614479638009056
0.6342857142857143,0.6191772462831286,0.5656108597285068,0.75,3,8,0,21,0.6363636363636364,2,0.028448304646756017
0.6342857142857143,0.6342857142857143,0.6342857142857143,0.75,3,8,0,21,0.6363636363636364,1,0.0
0.6342857142857143,0.6342857142857143,0.6342857142857143,0.75,3,8,0,21,0.6363636363636364,1,0.0
0.6342857142857143,0.6342857142857143,0.6342857142857143,0.75,3,8,0,21,0.6363636363636364,1,0.0
0.6342857142857143,0.6342857142857143,0.6342857142857143,0.75,3,8,0,21,0.6363636363636364,1,0.0
0.6342857142857143,0.6342857142857143,0.6342857142857143,0.75,3,8,0,21,0.6363636363636364,1,0.0
0.6342857142857143,0.6342857142857143,0.6342857142857143,0.75,3,8,0,21,0.6363636363636364,1,0.0
0.6952380952380952,0.6373714285714286,0.6342857142857143,0.78125,4,7,0,21,0.6818181818181819,3,0.01265134770052011
0.6952380952380952,0.6526476190476191,0.6342857142857143,0.78125,4,7,0,21,0.6818181818181819,3,0.02729533778601404
0.6952380952380952,0.6952380952380953,0.6952380952380952,0.78125,4,7,0,21,0.6818181818181819,1,1.1102230246251565e-16

0.7196495619524406,0.563879467397001,0.39622641509433965,0.78125,5,6,1,20,0.7034632034632035,8,0.04356837655142292
0.7196495619524406,0.5976468035331972,0.5656108597285068,0.78125,5,6,1,20,0.7034632034632035,7,0.03774173125757725
0.7196495619524406,0.6457587426459945,0.6081632653061224,0.78125,5,6,1,20,0.7034632034632035,6,0.034466040959440496
0.75,0.7004708974554977,0.6666666666666667,0.8125,5,6,0,21,0.7272727272727273,5,0.023245166192325056
0.75,0.7293617021276595,0.7196495619524406,0.8125,5,6,0,21,0.7272727272727273,2,0.014157755539424128
0.75,0.75,0.75,0.8125,5,6,0,21,0.7272727272727273,1,0.0
0.75,0.75,0.75,0.8125,5,6,0,21,0.7272727272727273,1,0.0
0.75,0.75,0.75,0.8125,5,6,0,21,0.7272727272727273,1,0.0
0.75,0.75,0.75,0.8125,5,6,0,21,0.7272727272727273,1,0.0
0.75,0.75,0.75,0.8125,5,6,0,21,0.7272727272727273,1,0.0
0.75,0.75,0.75,0.8125,5,6,0,21,0.7272727272727273,1,0.0
0.75,0.75,0.75,0.8125,5,6,0,21,0.7272727272727273,1,0.0
0.75,0.75,0.75,0.8125,5,6,0,21,0.7272727272727273,1,0.0
0.75,0.75,0.75,0.8125,5,6,0,21,0.7272727272727273,1,0.0

0.6952380952380952,0.4669415586263534,0.39622641509433965,0.78125,4,7,0,21,0.6818181818181819,4,0.05892767066982777
0.6952380952380952,0.5050680456798105,0.4871794871794872,0.78125,4,7,0,21,0.6818181818181819,4,0.045016939752227585
0.6952380952380952,0.5287983008588051,0.4871794871794872,0.78125,4,7,0,21,0.6818181818181819,6,0.05249068242158932
0.6952380952380952,0.6280461476898452,0.5656108597285068,0.78125,4,7,0,21,0.6818181818181819,5,0.02240266214221816
0.7196495619524406,0.6945002681923833,0.6666666666666667,0.78125,5,6,1,20,0.7034632034632035,3,0.008501293511764787
0.75,0.6997509386733418,0.6952380952380952,0.8125,5,6,0,21,0.7272727272727273,3,0.011092354456668542
0.75,0.727540675844806,0.7196495619524406,0.8125,5,6,0,21,0.7272727272727273,2,0.01331274144773308
0.7681159420289854,0.7458685675935499,0.7196495619524406,0.8125,6,5,1,20,0.7489177489177489,3,0.011976753101046846
0.799749687108886,0.7541639005278336,0.75,0.84375,6,5,0,21,0.7727272727272727,3,0.011002075702488867
0.799749687108886,0.7634922276033447,0.75,0.84375,6,5,0,21,0.7727272727272727,3,0.012522393644669207
0.799749687108886,0.7788714153561515,0.7681159420289854,0.84375,6,5,0,21,0.7727272727272727,2,0.014985182513198284
0.799749687108886,0.7902595635849159,0.7681159420289854,0.84375,6,5,0,21,0.7727272727272727,2,0.014496403134358179
0.799749687108886,0.799749687108886,0.799749687108886,0.84375,6,5,0,21,0.7727272727272727,1,0.0
0.799749687108886,0.799749687108886,0.799749687108886,0.84375,6,5,0,21,0.7727272727272727,1,0.0

0.799749687108886,0.762409493751247,0.6342857142857143,0.84375,6,5,0,21,0.7727272727272727,5,0.043509793959444786
0.8454106280193237,0.8024893435635124,0.799749687108886,0.875,7,4,0,21,0.8181818181818181,2,0.010843872647731213
0.8454106280193237,0.80431578119993,0.799749687108886,0.875,7,4,0,21,0.8181818181818181,2,0.013698282273131279
0.8454106280193237,0.8157990394171203,0.799749687108886,0.875,7,4,0,21,0.8181818181818181,3,0.0214049664276994
0.8454106280193237,0.8454106280193237,0.8454106280193237,0.875,7,4,0,21,0.8181818181818181,1,0.0
0.8454106280193237,0.8454106280193237,0.8454106280193237,0.875,7,4,0,21,0.8181818181818181,1,0.0
0.8877192982456141,0.8462568014238495,0.8454106280193237,0.90625,8,3,0,21,0.8636363636363636,2,0.005923213831680667
0.8877192982456141,0.8561127984652012,0.8454106280193237,0.90625,8,3,0,21,0.8636363636363636,3,0.01789066542650705
0.8877192982456141,0.887719298245614,0.8877192982456141,0.90625,8,3,0,21,0.8636363636363636,1,1.1102230246251565e-16
0.8877192982456141,0.887719298245614,0.8877192982456141,0.90625,8,3,0,21,0.8636363636363636,1,1.1102230246251565e-16
0.8877192982456141,0.887719298245614,0.8877192982456141,0.90625,8,3,0,21,0.8636363636363636,1,1.1102230246251565e-16
0.8877192982456141,0.887719298245614,0.8877192982456141,0.90625,8,3,0,21,0.8636363636363636,1,1.1102230246251565e-16
0.8877192982456141,0.887719298245614,0.8877192982456141,0.90625,8,3,0,21,0.8636363636363636,1,1.1102230246251565e-16
0.8877192982456141,0.887719298245614,0.8877192982456141,0.90625,8,3,0,21,0.8636363636363636,1,1.1102230246251565e-16

0.6342857142857143,0.5128919417984901,0.39622641509433965,0.75,3,8,0,21,0.6363636363636364,4,0.07921724988102792
0.6952380952380952,0.5898704589528119,0.5656108597285068,0.78125,4,7,0,21,0.6818181818181819,3,0.03938986687279432
0.6952380952380952,0.6464761904761906,0.6342857142857143,0.78125,4,7,0,21,0.6818181818181819,2,0.024380952380952347
0.75,0.6802380952380953,0.6342857142857143,0.8125,5,6,0,21,0.7272727272727273,3,0.03270305484076931
0.75,0.75,0.75,0.8125,5,6,0,21,0.7272727272727273,1,0.0
0.75,0.75,0.75,0.8125,5,6,0,21,0.7272727272727273,1,0.0
0.799749687108886,0.7509949937421777,0.75,0.84375,6,5,0,21,0.7727272727272727,2,0.006964956195244047
0.799749687108886,0.7519899874843554,0.75,0.84375,6,5,0,21,0.7727272727272727,2,0.00974890786239111
0.799749687108886,0.7529849812265331,0.75,0.84375,6,5,0,21,0.7727272727272727,2,0.01181489606908027
0.8454106280193237,0.771093637578374,0.75,0.875,7,4,0,21,0.8181818181818181,4,0.0276994653975981
0.8454106280193237,0.8066668512350329,0.799749687108886,0.875,7,4,0,21,0.8181818181818181,3,0.015840543954404377
0.8454106280193237,0.82506727357837,0.799749687108886,0.875,7,4,0,21,0.8181818181818181,3,0.021536525829419485
0.8454106280193237,0.8454106280193237,0.8454106280193237,0.875,7,4,0,21,0.8181818181818181,1,0.0
0.8454106280193237,0.8454106280193237,0.8454106280193237,0.875,7,4,0,21,0.8181818181818181,1,0.0

0.8128654970760234,0.7054545478196593,0.39622641509433965,0.84375,7,4,1,20,0.7943722943722944,9,0.10710522933769241
0.8454106280193237,0.8030139759621977,0.799749687108886,0.875,7,4,0,21,0.8181818181818181,3,0.011014567109764027
0.8454106280193237,0.8062782648155096,0.799749687108886,0.875,7,4,0,21,0.8181818181818181,3,0.014877170893529464
0.8545454545454545,0.8423388114555164,0.8128654970760234,0.875,8,3,1,20,0.8398268398268398,3,0.009907138785907082
0.8877192982456141,0.8559301019346788,0.8454106280193237,0.90625,8,3,0,21,0.8636363636363636,3,0.017952273646720814
0.9272727272727272,0.8949582836584061,0.8877192982456141,0.9375,9,2,0,21,0.9090909090909092,3,0.015162941766430663
0.9272727272727272,0.9272727272727275,0.9272727272727272,0.9375,9,2,0,21,0.9090909090909092,1,2.220446049250313e-16
0.9272727272727272,0.9272727272727275,0.9272727272727272,0.9375,9,2,0,21,0.9090909090909092,1,2.220446049250313e-16
0.9272727272727272,0.9272727272727275,0.9272727272727272,0.9375,9,2,0,21,0.9090909090909092,1,2.220446049250313e-16
0.9272727272727272,0.9272727272727275,0.9272727272727272,0.9375,9,2,0,21,0.9090909090909092,1,2.220446049250313e-16
0.9272727272727272,0.9272727272727275,0.9272727272727272,0.9375,9,2,0,21,0.9090909090909092,1,2.220446049250313e-16
0.9272727272727272,0.9272727272727275,0.9272727272727272,0.9375,9,2,0,21,0.9090909090909092,1,2.220446049250313e-16
0.9272727272727272,0.9272727272727275,0.9272727272727272,0.9375,9,2,0,21,0.9090909090909092,1,2.220446049250313e-16
0.9272727272727272,0.9272727272727275,0.9272727272727272,0.9375,9,2,0,21,0.9090909090909092,1,2.220446049250313e-16

0.8128654970760234,0.7118700665316886,0.6135265700483092,0.84375,7,4,1,20,0.7943722943722944,14,0.04843611424578533
0.8128654970760234,0.77566486493503,0.75,0.84375,7,4,1,20,0.7943722943722944,7,0.023643175764923436
0.8545454545454545,0.8036594553008801,0.7818181818181819,0.875,8,3,1,20,0.8398268398268398,7,0.019202348354151508
0.8877192982456141,0.8401611357498752,0.8128654970760234,0.90625,8,3,0,21,0.8636363636363636,5,0.01798988242403116
0.8877192982456141,0.887719298245614,0.8877192982456141,0.90625,8,3,0,21,0.8636363636363636,1,1.1102230246251565e-16
0.8877192982456141,0.887719298245614,0.8877192982456141,0.90625,8,3,0,21,0.8636363636363636,1,1.1102230246251565e-16
0.9272727272727272,0.8894208035946102,0.8877192982456141,0.9375,9,2,0,21,0.9090909090909092,3,0.007771503565830606
0.9272727272727272,0.8929431824805143,0.8877192982456141,0.9375,9,2,0,21,0.9090909090909092,3,0.012778796347613045
0.9272727272727272,0.9192123225611598,0.893687707641196,0.9375,9,2,0,21,0.9090909090909092,2,0.014343595308074683
0.9272727272727272,0.9272727272727275,0.9272727272727272,0.9375,9,2,0,21,0.9090909090909092,1,2.220446049250313e-16
0.9272727272727272,0.9272727272727275,0.9272727272727272,0.9375,9,2,0,21,0.9090909090909092,1,2.220446049250313e-16
0.9272727272727272,0.9272727272727275,0.9272727272727272,0.9375,9,2,0,21,0.9090909090909092,1,2.220446049250313e-16
0.9272727272727272,0.9272727272727275,0.9272727272727272,0.9375,9,2,0,21,0.9090909090909092,1,2.220446049250313e-16
0.9272727272727272,0.9272727272727275,0.9272727272727272,0.9375,9,2,0,21,0.9090909090909092,1,2.220446049250313e-16

0.75,0.6713173450542009,0.4871794871794872,0.8125,5,6,0,21,0.7272727272727273,8,0.07317423810232715
0.75,0.7348247809762202,0.7196495619524406,0.8125,5,6,0,21,0.7272727272727273,2,0.01517521902377972
0.75,0.75,0.75,0.8125,5,6,0,21,0.7272727272727273,1,0.0
0.75,0.75,0.75,0.8125,5,6,0,21,0.7272727272727273,1,0.0
0.75,0.75,0.75,0.8125,5,6,0,21,0.7272727272727273,1,0.0
0.75,0.75,0.75,0.8125,5,6,0,21,0.7272727272727273,1,0.0
0.75,0.75,0.75,0.8125,5,6,0,21,0.7272727272727273,1,0.0
0.75,0.75,0.75,0.8125,5,6,0,21,0.7272727272727273,1,0.0
0.75,0.75,0.75,0.8125,5,6,0,21,0.7272727272727273,1,0.0
0.75,0.75,0.75,0.8125,5,6,0,21,0.7272727272727273,1,0.0
0.799749687108886,0.7538015816872539,0.75,0.84375,6,5,0,21,0.7727272727272727,3,0.010833649751222972
0.799749687108886,0.7877288639785237,0.7681159420289854,0.84375,6,5,0,21,0.7727272727272727,2,0.015354591034117493
0.799749687108886,0.799749687108886,0.799749687108886,0.84375,6,5,0,21,0.7727272727272727,1,0.0
0.799749687108886,0.799749687108886,0.799749687108886,0.84375,6,5,0,21,0.7727272727272727,1,0.0

0.75,0.6829418355885727,0.4871794871794872,0.8125,5,6,0,21,0.7272727272727273,8,0.08256537828383108
0.799749687108886,0.7509949937421777,0.75,0.84375,6,5,0,21,0.7727272727272727,2,0.006964956195244047
0.799749687108886,0.7529849812265331,0.75,0.84375,6,5,0,21,0.7727272727272727,2,0.01181489606908027
0.799749687108886,0.7589549436795994,0.75,0.84375,6,5,0,21,0.7727272727272727,2,0.019113205639896533
0.8454106280193237,0.817363160854195,0.799749687108886,0.875,7,4,0,21,0.8181818181818181,3,0.022033524717558258
0.8454106280193237,0.8454106280193237,0.8454106280193237,0.875,7,4,0,21,0.8181818181818181,1,0.0
0.8454106280193237,0.8454106280193237,0.8454106280193237,0.875,7,4,0,21,0.8181818181818181,1,0.0
0.8454106280193237,0.8454106280193237,0.8454106280193237,0.875,7,4,0,21,0.8181818181818181,1,0.0
0.8454106280193237,0.8454106280193237,0.8454106280193237,0.875,7,4,0,21,0.8181818181818181,1,0.0
0.8454106280193237,0.8454106280193237,0.8454106280193237,0.875,7,4,0,21,0.8181818181818181,1,0.0
0.8454106280193237,0.8454106280193237,0.8454106280193237,0.875,7,4,0,21,0.8181818181818181,1,0.0
0.8454106280193237,0.8454106280193237,0.8454106280193237,0.875,7,4,0,21,0.8181818181818181,1,0.0
0.8454106280193237,0.8454106280193237,0.8454106280193237,0.875,7,4,0,21,0.8181818181818181,1,0.0
0.8454106280193237,0.8454106280193237,0.8454106280193237,0.875,7,4,0,21,0.8181818181818181,1,0.0

0.8877192982456141,0.591398721829141,0.39622641509433965,0.90625,8,3,0,21,0.8636363636363636,9,0.12017890174381746
0.8877192982456141,0.7507979581977778,0.6342857142857143,0.90625,8,3,0,21,0.8636363636363636,8,0.06611515783091361
0.8877192982456141,0.8264593694294092,0.7681159420289854,0.90625,8,3,0,21,0.8636363636363636,6,0.02711948499511418
0.8877192982456141,0.8757767145135565,0.8545454545454545,0.90625,8,3,0,21,0.8636363636363636,2,0.015923444976076624
0.893687707641196,0.888077402809349,0.8877192982456141,0.90625,9,2,1,20,0.8852813852813852,2,0.0014174186975726025
0.9272727272727272,0.9218991241316826,0.893687707641196,0.9375,9,2,0,21,0.9090909090909092,2,0.012312471574245592
0.9272727272727272,0.9272727272727275,0.9272727272727272,0.9375,9,2,0,21,0.9090909090909092,1,2.220446049250313e-16
0.9272727272727272,0.9272727272727275,0.9272727272727272,0.9375,9,2,0,21,0.9090909090909092,1,2.220446049250313e-16
0.9272727272727272,0.9272727272727275,0.9272727272727272,0.9375,9,2,0,21,0.9090909090909092,1,2.220446049250313e-16
0.9272727272727272,0.9272727272727275,0.9272727272727272,0.9375,9,2,0,21,0.9090909090909092,1,2.220446049250313e-16
0.9272727272727272,0.9272727272727275,0.9272727272727272,0.9375,9,2,0,21,0.9090909090909092,1,2.220446049250313e-16
0.9272727272727272,0.9272727272727275,0.9272727272727272,0.9375,9,2,0,21,0.9090909090909092,1,2.220446049250313e-16
0.9272727272727272,0.9272727272727275,0.9272727272727272,0.9375,9,2,0,21,0.9090909090909092,1,2.220446049250313e-16
0.9272727272727272,0.9272727272727275,0.9272727272727272,0.9375,9,2,0,21,0.9090909090909092,1,2.220446049250313e-16

0.5656108597285068,0.44151854065283586,0.39622641509433965,0.71875,2,9,0,21,0.5909090909090909,3,0.06475870628867332
0.5656108597285068,0.5295324283559579,0.4871794871794872,0.71875,2,9,0,21,0.5909090909090909,2,0.039089994649026204
0.5656108597285068,0.5656108597285068,0.5656108597285068,0.71875,2,9,0,21,0.5909090909090909,1,0.0
0.5656108597285068,0.5656108597285068,0.5656108597285068,0.71875,2,9,0,21,0.5909090909090909,1,0.0
0.6342857142857143,0.5683578539107951,0.5656108597285068,0.75,3,8,0,21,0.6363636363636364,2,0.013457468146000521
0.6342857142857143,0.6342857142857143,0.6342857142857143,0.75,3,8,0,21,0.6363636363636364,1,0.0
0.6342857142857143,0.6342857142857143,0.6342857142857143,0.75,3,8,0,21,0.6363636363636364,1,0.0
0.6666666666666667,0.6349333333333333,0.6342857142857143,0.75,4,7,1,20,0.6580086580086579,2,0.004533333333333337
0.6666666666666667,0.6349333333333333,0.6342857142857143,0.75,4,7,1,20,0.6580086580086579,2,0.004533333333333337
0.6952380952380952,0.6385904761904763,0.6342857142857143,0.78125,4,7,0,21,0.6818181818181819,3,0.01501169914137339
0.6952380952380952,0.6866666666666665,0.6666666666666667,0.78125,4,7,0,21,0.6818181818181819,2,0.013093073414159499
0.7196495619524406,0.6957263245723823,0.6952380952380952,0.78125,5,6,1,20,0.7034632034632035,2,0.003417605340008349
0.75,0.6979168007628584,0.6952380952380952,0.8125,5,6,0,21,0.7272727272727273,3,0.011166807036059712
0.75,0.6979168007628584,0.6952380952380952,0.8125,5,6,0,21,0.7272727272727273,3,0.011166807036059712

0.7196495619524406,0.573320833145042,0.46907993966817496,0.78125,5,6,1,20,0.7034632034632035,10,0.043743689453137086
0.7196495619524406,0.6185329613351068,0.5656108597285068,0.78125,5,6,1,20,0.7034632034632035,8,0.04158329607436652
0.7196495619524406,0.6716311220633798,0.6342857142857143,0.78125,5,6,1,20,0.7034632034632035,6,0.02611600599707
0.75,0.7198871208057692,0.6952380952380952,0.8125,5,6,0,21,0.7272727272727273,3,0.0077862903660330185
0.75,0.743929912390488,0.7196495619524406,0.8125,5,6,0,21,0.7272727272727273,2,0.012140175219023774
0.75,0.75,0.75,0.8125,5,6,0,21,0.7272727272727273,1,0.0
0.75,0.75,0.75,0.8125,5,6,0,21,0.7272727272727273,1,0.0
0.75,0.75,0.75,0.8125,5,6,0,21,0.7272727272727273,1,0.0
0.75,0.75,0.75,0.8125,5,6,0,21,0.7272727272727273,1,0.0
0.75,0.75,0.75,0.8125,5,6,0,21,0.7272727272727273,1,0.0
0.75,0.75,0.75,0.8125,5,6,0,21,0.7272727272727273,1,0.0
0.75,0.75,0.75,0.8125,5,6,0,21,0.7272727272727273,1,0.0
0.75,0.75,0.75,0.8125,5,6,0,21,0.7272727272727273,1,0.0
0.75,0.75,0.75,0.8125,5,6,0,21,0.7272727272727273,1,0.0

0.5656108597285068,0.46121175901420086,0.39622641509433965,0.71875,2,9,0,21,0.5909090909090909,3,0.04710545536223006
0.6342857142857143,0.4995333764274942,0.4871794871794872,0.75,3,8,0,21,0.6363636363636364,3,0.031911814199561406
0.6342857142857143,0.5165931480284423,0.4871794871794872,0.75,3,8,0,21,0.6363636363636364,3,0.0429638254532431
0.6342857142857143,0.5889603102779575,0.5656108597285068,0.75,3,8,0,21,0.6363636363636364,2,0.0325318809710258
0.6952380952380952,0.653447619047619,0.6342857142857143,0.78125,4,7,0,21,0.6818181818181819,3,0.025908711183552573
0.75,0.704620120388581,0.6952380952380952,0.8125,5,6,0,21,0.7272727272727273,3,0.017527446435066936
0.75,0.75,0.75,0.8125,5,6,0,21,0.7272727272727273,1,0.0
0.7681159420289854,0.7503623188405797,0.75,0.8125,6,5,1,20,0.7489177489177489,2,0.0025362318840579513
0.7681159420289854,0.7507246376811594,0.75,0.8125,6,5,1,20,0.7489177489177489,2,0.003549985134468346
0.7681159420289854,0.7507246376811594,0.75,0.8125,6,5,1,20,0.7489177489177489,2,0.003549985134468346
0.7681159420289854,0.7518115942028984,0.75,0.8125,6,5,1,20,0.7489177489177489,2,0.00543478260869561
0.799749687108886,0.7546181821479749,0.75,0.84375,6,5,0,21,0.7727272727272727,3,0.009685581661226128
0.799749687108886,0.7567001324118917,0.75,0.84375,6,5,0,21,0.7727272727272727,3,0.011808395014385608
0.799749687108886,0.7613183145598664,0.75,0.84375,6,5,0,21,0.7727272727272727,3,0.013090600488316654

