accuracy_best,accuracy_mean,accuracy_worst,fit_time__best,score_time__best,test_f1_macro__best,test_recall__best,#phenotypes,stddev
0.9638340329229701,0.9439259499237809,0.9239879426430402,30,0.011815751669089795
0.9666478857368229,0.9605130010986844,0.9553877792489507,0.10222353935241699,0.18794190883636475,0.9338353853619203,0.8539514866979656,30,0.0028633115920492823
0.9677306063423201,0.9639844525202442,0.959717253101201,0.1049241304397583,0.18884239196777344,0.9360444335172724,0.8567097026604069,29,0.001960049432754116
0.9705444591561732,0.9662434540634107,0.962967293010677,0.10772550106048584,0.1940415620803833,0.9414447563730294,0.8651408450704225,30,0.0016293377324846036
0.9707623179423613,0.9688706870377152,0.9668643359532731,0.10832479000091552,0.21674883365631104,0.9418635277271251,0.8665492957746478,29,0.0009337525876788709
0.9718445690246126,0.9712094762311684,0.9696786582903721,0.1125070571899414,0.22032830715179444,0.944162289640565,0.8721635367762127,18,0.0004363380090821167
0.9724939196739631,0.9718227987967688,0.9707623179423613,0.1046942949295044,0.19558019638061525,0.9453735533949823,0.8735719874804382,19,0.0005253178677620348
0.97336019006301,0.9725516710332329,0.971195687898508,0.10625574588775635,0.19064154624938964,0.9471160056010988,0.8763888888888889,13,0.00043278104957462585
0.9735766402794603,0.9734105855580913,0.9722774694575129,0.1015695571899414,0.20313892364501954,0.9474475858521922,0.8749804381846635,7,0.00029947978344838127
0.9735766402794603,0.9735549639562657,0.9731432703233139,0.11094872951507569,0.21095004081726074,0.9474475858521922,0.8749804381846635,3,8.578418710985836e-05
0.9735766402794603,0.9735766402794606,0.9735766402794603,0.11563220024108886,0.20157918930053711,0.9474475858521922,0.8749804381846635,1,2.220446049250313e-16
0.9735766402794603,0.9735766402794606,0.9735766402794603,0.12969629764556884,0.22501466274261475,0.9474475858521922,0.8749804381846635,1,2.220446049250313e-16
0.9735766402794603,0.9735766402794606,0.9735766402794603,0.10938076972961426,0.20001676082611083,0.9474475858521922,0.8749804381846635,1,2.220446049250313e-16
0.9735766402794603,0.9735766402794606,0.9735766402794603,0.10469305515289307,0.2047029495239258,0.9474475858521922,0.8749804381846635,1,2.220446049250313e-16

0.9642711590650854,0.9412026055410004,0.9127376961433361,30,0.014822535785453847
0.9642711590650854,0.9591457650568279,0.9540937731827104,0.10279877185821533,0.20187790393829347,0.9276269109894194,0.8216940532081377,30,0.0027201022907709857
0.9642711590650854,0.9617154344811613,0.9577767135250868,0.10157010555267335,0.1937626838684082,0.9276269109894194,0.8216940532081377,28,0.0015261878533694984
0.9657872496267291,0.9627982176897578,0.9601571963827931,0.10938353538513183,0.18785452842712402,0.931631653169589,0.839906103286385,27,0.0012973058496611781
0.9673000535256502,0.9652802897271445,0.9623221680705413,0.12657389640808106,0.23126547336578368,0.936007697763414,0.8694444444444445,29,0.0010999917013860406
0.9692509226131787,0.9681168048630088,0.9662187414898913,0.12500948905944825,0.214408278465271,0.9400817703705313,0.8793035993740219,24,0.0008363856684200158
0.9716323445173771,0.9695320418313911,0.9679512822679852,0.12969493865966797,0.19557108879089355,0.9439867691191688,0.873650234741784,25,0.0007850892093719201
0.9722826342132199,0.9711277165832481,0.9692509226131787,0.12065510749816895,0.18907768726348878,0.9454123289893858,0.87787558685446,24,0.0007870645841418661
0.9724995539529162,0.9720589846403295,0.9711999136077228,0.12188460826873779,0.198449444770813,0.9458779415395144,0.8792840375586854,16,0.0003812633288108283
0.9724995539529162,0.9722756070153032,0.9714177723939112,0.12032175064086914,0.20157604217529296,0.9458779415395144,0.8792840375586854,11,0.00028232157234201605
0.9724995539529164,0.9724272786745672,0.9718497337803195,0.15313401222229003,0.24220740795135498,0.9458027734117558,0.8778951486697965,9,0.00015144042371483522
0.9724995539529164,0.9724778463281718,0.9722821646899739,0.12344675064086914,0.20313963890075684,0.9458027734117558,0.8778951486697965,6,6.50708722867247e-05
0.9724995539529164,0.9724923389457011,0.9722831037364662,0.12188332080841065,0.17969975471496583,0.9458027734117558,0.8778951486697965,3,3.885400293747868e-05
0.9724995539529164,0.9724995539529161,0.9724995539529164,0.12500741481781005,0.19220225811004638,0.9458027734117558,0.8778951486697965,1,3.3306690738754696e-16

0.9586382886816729,0.9409905844938383,0.9255087284371448,30,0.010289133612417454
0.9608027908461748,0.9564226710864454,0.9519269234019777,0.14532334804534913,0.3172082185745239,0.922890901856746,0.8398278560250392,30,0.0025915638572053703
0.9614540195885098,0.959035364490896,0.956255927730982,0.15156922340393067,0.30627262592315674,0.9237185622481725,0.8341940532081378,30,0.0013675681120515865
0.9629696406269075,0.9613095942380109,0.9597210092871699,0.1453197717666626,0.30314996242523196,0.9272683999317781,0.8496478873239436,27,0.0009644028550757685
0.9647031204514936,0.9633095911078559,0.9616704698049603,0.14375975131988525,0.262516713142395,0.9302784502767102,0.8468701095461659,27,0.0005723570986316758
0.9647031204514936,0.96436379600154,0.9631860908433577,0.14688518047332763,0.3082796335220337,0.9302784502767102,0.8468701095461659,11,0.00046355582738727343
0.9647031204514936,0.9646164777618138,0.9638373195856929,0.15313820838928222,0.29220645427703856,0.9302784502767102,0.8468701095461659,5,0.00022784167990789428
0.9647031204514936,0.9646742291210836,0.9640533002788969,0.14532268047332764,0.2984565019607544,0.9302784502767102,0.8468701095461659,3,0.00012169348941749351
0.9647031204514936,0.9647031204514934,0.9647031204514936,0.14290950298309327,0.29324476718902587,0.9302784502767102,0.8468701095461659,1,2.220446049250313e-16
0.9647031204514936,0.9647031204514934,0.9647031204514936,0.14844741821289062,0.2953325271606445,0.9302784502767102,0.8468701095461659,1,2.220446049250313e-16
0.9647031204514936,0.9647031204514934,0.9647031204514936,0.1609499931335449,0.2830702066421509,0.9302784502767102,0.8468701095461659,1,2.220446049250313e-16
0.9647031204514936,0.9647031204514934,0.9647031204514936,0.14532065391540527,0.30158538818359376,0.9302784502767102,0.8468701095461659,1,2.220446049250313e-16
0.9647031204514936,0.9647031204514934,0.9647031204514936,0.14688515663146973,0.3078320503234863,0.9302784502767102,0.8468701095461659,1,2.220446049250313e-16
0.9647031204514936,0.9647031204514934,0.9647031204514936,0.14844775199890137,0.29533259868621825,0.9302784502767102,0.8468701095461659,1,2.220446049250313e-16

0.9621085349935676,0.9433612230141514,0.9222619751903915,30,0.013067586555808358
0.9664389478923102,0.96082983538515,0.9556093942211079,0.13140079975128174,0.25615825653076174,0.9323341016765001,0.8384780907668231,29,0.0028933381424322857
0.9664389478923102,0.9630674266682945,0.9603750551689814,0.1312584400177002,0.2687689304351807,0.9323341016765001,0.8384780907668231,28,0.001495998691677692
0.9688194307500165,0.965008670529278,0.962756007549934,0.11719331741333008,0.2265789270401001,0.9370832242617828,0.8441901408450704,27,0.0012269296446319887
0.9699026208787599,0.9687549808591024,0.9664389478923102,0.11250755786895753,0.22501585483551026,0.9393073849767057,0.8497848200312988,23,0.0008444461921644467
0.9725023710923928,0.9720909122210641,0.9716356311800997,0.12188365459442138,0.2375164031982422,0.9445582548453251,0.8596635367762128,11,0.000232982535930589
0.972718821308843,0.9724518190895631,0.9718520813965499,0.11888310909271241,0.23606808185577394,0.9450654908232041,0.8610524256651017,7,0.00019912511066270266
0.972718821308843,0.9726466712366928,0.9725023710923928,0.12344367504119873,0.24064388275146484,0.9450654908232041,0.8610524256651017,2,0.00010203561056083377
0.972718821308843,0.9726899612799828,0.9725023710923928,0.12188222408294677,0.23751544952392578,0.9450654908232041,0.8610524256651017,2,7.35789251600722e-05
0.972718821308843,0.9726971762871979,0.9725023710923928,0.13282034397125245,0.24689295291900634,0.9450654908232041,0.8610524256651017,2,6.493506493506775e-05
0.972718821308843,0.9727116063016278,0.9725023710923928,0.12031912803649902,0.23907783031463622,0.9450654908232041,0.8610524256651017,2,3.885400293748006e-05
0.972718821308843,0.9727188213088428,0.972718821308843,0.1250067949295044,0.23126814365386963,0.9450654908232041,0.8610524256651017,1,2.220446049250313e-16
0.972718821308843,0.9727188213088428,0.972718821308843,0.12188186645507812,0.22501752376556397,0.9450654908232041,0.8610524256651017,1,2.220446049250313e-16
0.972718821308843,0.9727188213088428,0.972718821308843,0.12032077312469483,0.2547047853469849,0.9450654908232041,0.8610524256651017,1,2.220446049250313e-16

0.965356696810059,0.9452666735530075,0.9259444460095219,29,0.011249255402120526
0.9657886581964673,0.9611025188357075,0.9534406663473909,0.07031607627868652,0.13126046657562257,0.9327458437317718,0.8610915492957746,30,0.0034380858241901653
0.966867622615996,0.9639969887909151,0.9610244058183319,0.0734419584274292,0.15157160758972169,0.9346459182669864,0.8596439749608764,30,0.0015878461457938592
0.9677357710980271,0.9661042560717182,0.9636218084157347,0.08906815052032471,0.1703244924545288,0.9364622758921562,0.8666666666666668,27,0.0011549894198617226
0.969903090402006,0.9687685187793648,0.9668709092787184,0.09063141345977783,0.1593858480453491,0.9406415213591177,0.8737089201877934,26,0.0008020184907239419
0.970119540618456,0.9696931196063517,0.9683855912706238,0.09063210487365722,0.17657384872436524,0.9410231645189127,0.8737089201877934,19,0.0004349416013902012
0.971201322177461,0.9706598210177385,0.969468311876121,0.08594284057617188,0.16719958782196045,0.9432330377480656,0.8779147104851329,11,0.0004532963483774031
0.9712013221774611,0.9711652158398362,0.9707684217445607,0.08750414848327637,0.15938782691955566,0.9432895956291043,0.8793231611893584,5,0.0001129527829128001
0.9716351616568536,0.9714761341334007,0.971200852654215,0.08438119888305665,0.16719839572906495,0.9441035027920341,0.8807316118935837,6,0.00020139256860245673
0.9716351616568536,0.9715990553192287,0.9712013221774611,0.0875058889389038,0.1625124454498291,0.9441035027920341,0.8807316118935837,3,9.826134438040757e-05
0.9716351616568536,0.9716351616568534,0.9716351616568536,0.08437988758087159,0.15626122951507568,0.9441035027920341,0.8807316118935837,1,2.220446049250313e-16
0.9716351616568536,0.9716351616568534,0.9716351616568536,0.08594231605529785,0.1546987771987915,0.9441035027920341,0.8807316118935837,1,2.220446049250313e-16
0.9716351616568536,0.9716351616568534,0.9716351616568536,0.08438007831573487,0.1578237771987915,0.9441035027920341,0.8807316118935837,1,2.220446049250313e-16
0.9716351616568536,0.9716351616568534,0.9716351616568536,0.07969248294830322,0.15469815731048583,0.9441035027920341,0.8807316118935837,1,2.220446049250313e-16

0.9601586049525312,0.9426751399961815,0.9166258181442564,30,0.01179236284791949
0.9612417950812746,0.9582091287839665,0.9534467701495901,0.13722965717315674,0.29156720638275146,0.9232734414542151,0.8356416275430361,28,0.0019560648570826483
0.9614577757744787,0.9595593993858638,0.9575588547388982,0.1452317237854004,0.3113711833953857,0.9234028949587394,0.8328442879499217,27,0.000966434448959451
0.9631903165525726,0.9615082025711094,0.9588589646073377,0.1568354606628418,0.33707661628723146,0.9268286868881302,0.8384585289514866,25,0.0009548492953075254
0.9631903165525726,0.9628653751647245,0.9618911457306252,0.14303171634674072,0.31557228565216067,0.9268286868881302,0.8384585289514866,14,0.00034356931480918166
0.9640561174183734,0.963803466959649,0.9629738663361224,0.13843061923980712,0.2940681457519531,0.928531037263328,0.8398669796557119,11,0.0003402881368314449
0.9642725676348236,0.9642509069624033,0.9640556478951273,0.1446315050125122,0.30406961441040037,0.9289102805070509,0.8398669796557119,3,6.498205495420733e-05
0.9642725676348236,0.9642725676348233,0.9642725676348236,0.14082984924316405,0.28956658840179444,0.9289102805070509,0.8398669796557119,1,3.3306690738754696e-16
0.9642725676348236,0.9642725676348233,0.9642725676348236,0.14623444080352782,0.29996352195739745,0.9289102805070509,0.8398669796557119,1,3.3306690738754696e-16
0.9642725676348236,0.9642725676348233,0.9642725676348236,0.1453319549560547,0.3019698143005371,0.9289102805070509,0.8398669796557119,1,3.3306690738754696e-16
0.9642725676348236,0.9642725676348233,0.9642725676348236,0.13763022422790527,0.299568772315979,0.9289102805070509,0.8398669796557119,1,3.3306690738754696e-16
0.9644890178512739,0.9642797826420383,0.9642725676348236,0.13923158645629882,0.2935664176940918,0.9293900530730761,0.8412754303599372,2,3.8854002937499986e-05
0.9644890178512739,0.9644385128007689,0.9642725676348236,0.13803386688232422,0.29526307582855227,0.9293900530730761,0.8412754303599372,2,9.154817850257268e-05
0.9644890178512739,0.964467372829629,0.9642725676348236,0.1388289213180542,0.30007014274597166,0.9293900530730761,0.8412754303599372,2,6.493506493510104e-05

0.9588537998516307,0.9412555208108354,0.9146801138124347,30,0.012654431532399145
0.9608013822764366,0.9569398039896956,0.9488909860927214,0.14013257026672363,0.2815627813339233,0.9220283055013725,0.83268779342723,30,0.00282847183387931
0.9618845724051799,0.9595313062449723,0.9569043393338404,0.14053192138671874,0.29056572914123535,0.924109007533219,0.8355046948356808,28,0.0010765871632254444
0.9631842127503735,0.9618266645381616,0.9599346423641435,0.14713315963745116,0.29866790771484375,0.9267966043765916,0.8397300469483568,25,0.0008367838087289174
0.9636180522297659,0.962910042476203,0.9621014921448762,0.14373068809509276,0.30066962242126466,0.9276975452304687,0.8411384976525822,20,0.00043665081177602836
0.9642674028791166,0.9637833713647163,0.9625343925777766,0.14363250732421876,0.2820640325546265,0.9289348134444311,0.8425469483568075,14,0.000535410739365487
0.9642674028791166,0.9641517593036031,0.9631842127503735,0.14333229064941405,0.29956789016723634,0.9289348134444311,0.8425469483568075,7,0.0002836729816876136
0.9642674028791166,0.9642312339383923,0.9636171131832738,0.14593257904052734,0.29096686840057373,0.9289348134444311,0.8425469483568075,4,0.00013806376004219523
0.9642674028791166,0.9642674028791165,0.9642674028791166,0.14243273735046386,0.28316388130187986,0.9289348134444311,0.8425469483568075,1,1.1102230246251565e-16
0.9642674028791166,0.9642674028791165,0.9642674028791166,0.14532015323638917,0.2984600067138672,0.9289348134444311,0.8425469483568075,1,1.1102230246251565e-16
0.9642674028791166,0.9642674028791165,0.9642674028791166,0.13907191753387452,0.28908381462097166,0.9289348134444311,0.8425469483568075,1,1.1102230246251565e-16
0.9642674028791166,0.9642674028791165,0.9642674028791166,0.14063546657562256,0.28126842975616456,0.9289348134444311,0.8425469483568075,1,1.1102230246251565e-16
0.9642674028791166,0.9642674028791165,0.9642674028791166,0.1437598705291748,0.30627119541168213,0.9289348134444311,0.8425469483568075,1,1.1102230246251565e-16
0.9642674028791166,0.9642674028791165,0.9642674028791166,0.1452331066131592,0.2918654441833496,0.9289348134444311,0.8425469483568075,1,1.1102230246251565e-16

0.9653529406240905,0.9474164013860327,0.9307044726784423,29,0.011866685939019244
0.9675193208815769,0.9635344301396362,0.956691175780113,0.1345304012298584,0.299467945098877,0.9363017984886911,0.8720461658841939,30,0.002677318011252391
0.9694669033063829,0.9660177385882375,0.9616742259909289,0.13281893730163574,0.2531449794769287,0.9401170314128204,0.8776799687010953,28,0.0014810128882221895
0.969467842352875,0.9682190357244588,0.9653543491938287,0.15001294612884522,0.2718915224075317,0.9400942506025439,0.8776604068857589,27,0.001055553914173675
0.9716328140406232,0.9703697652070755,0.9686011024405818,0.1265712261199951,0.2422018051147461,0.944137294485663,0.880457746478873,20,0.0006779010158746441
0.9722821646899737,0.9715317882888381,0.9707665436515762,0.131256365776062,0.2828343868255615,0.9453005472232714,0.8804577464788732,20,0.00042476878414065856
0.9727155346461205,0.9723763197515909,0.9718492642570734,0.13594870567321776,0.2797066688537598,0.9461537803620882,0.8818661971830986,10,0.00028331342190297576
0.9731484350790207,0.9726652017541387,0.9720657144735236,0.13438994884490968,0.26563546657562254,0.9470172021293324,0.8832746478873238,12,0.00028888496174850017
0.9731484350790207,0.9728816676213639,0.9720661839967699,0.1296982765197754,0.27032811641693116,0.9470172021293324,0.8832746478873238,9,0.00024157945426354685
0.9731484350790207,0.9729538020427392,0.9727150651228742,0.13438377380371094,0.26876866817474365,0.9470172021293324,0.8832746478873238,9,0.0001614708457466518
0.9731484350790207,0.9729970920860291,0.9727155346461203,0.13125851154327392,0.28963403701782225,0.9470172021293324,0.8832746478873238,7,0.00014936484905544116
0.9731484350790207,0.9730475814857595,0.9727155346461205,0.13872919082641602,0.2809659719467163,0.9470172021293324,0.8832746478873238,4,0.0001336835504425506
0.9731484350790207,0.9730475814857595,0.9727155346461205,0.13983209133148194,0.2773628234863281,0.9470172021293324,0.8832746478873238,4,0.0001336835504425506
0.9731484350790207,0.9730475814857595,0.9727155346461205,0.1379314661026001,0.27186155319213867,0.9470172021293324,0.8832746478873238,4,0.0001336835504425506

0.9625367401940071,0.9430038062684482,0.9237771267055432,30,0.013151202085210971
0.9649167535284672,0.9601962137645436,0.9527880290353175,0.09962222576141358,0.16343765258789061,0.9298652404690051,0.8399256651017215,28,0.0026285148066212487
0.9649167535284672,0.9614880756746267,0.9573363007202484,0.09191994667053223,0.15713651180267335,0.9298652404690051,0.8399256651017215,30,0.0017406151093291406
0.9657792677315454,0.9635881905513142,0.9610178324928865,0.08051738739013672,0.14613399505615235,0.9314803705401282,0.8398669796557121,26,0.0012230648375489354
0.9670803166464774,0.9654704153402635,0.9638340329229701,0.10292456150054932,0.17873907089233398,0.9345814365654708,0.8510954616588418,28,0.0008242731693636219
0.969462677597168,0.9676938896244752,0.9657806763012837,0.11162459850311279,0.19374439716339112,0.9395580738082355,0.8651212832550861,27,0.0009752287578733222
0.9707632569888537,0.9698821340144551,0.9679479956052626,0.09482283592224121,0.16233470439910888,0.9421461246973095,0.8693466353677619,20,0.0006681996833570262
0.9707632569888537,0.9704961139125998,0.9694640861669062,0.09531950950622559,0.16876261234283446,0.9421461246973095,0.8693466353677619,13,0.0003292803600313153
0.9716295273779005,0.9714416398255875,0.9707632569888537,0.09540185928344727,0.17499887943267822,0.9439818869306069,0.8749413145539906,6,0.000254603227179531
0.9716295273779005,0.9715789910258456,0.9707641960353458,0.096883225440979,0.17509198188781738,0.9439818869306069,0.8749413145539906,4,0.0001739011459201713
0.9716295273779005,0.9716295273779003,0.9716295273779005,0.10000720024108886,0.1593852758407593,0.9439818869306069,0.8749413145539906,1,2.220446049250313e-16
0.9716295273779005,0.9716295273779003,0.9716295273779005,0.09688072204589844,0.17345221042633058,0.9439818869306069,0.8749413145539906,1,2.220446049250313e-16
0.9716295273779005,0.9716295273779003,0.9716295273779005,0.09531738758087158,0.17813920974731445,0.9439818869306069,0.8749413145539906,1,2.220446049250313e-16
0.9716295273779005,0.9716295273779003,0.9716295273779005,0.10000345706939698,0.15938804149627686,0.9439818869306069,0.8749413145539906,1,2.220446049250313e-16

0.9610211191556095,0.9396275741611968,0.9185837300804762,30,0.013963340271302312
0.9614540195885098,0.9576157766071,0.9525781521443129,0.12344756126403808,0.2734541654586792,0.9250436225077573,0.8581181533646323,30,0.002364295824053167
0.9636213388924887,0.9605465094076808,0.9575597937853905,0.15939018726348878,0.3109550476074219,0.9287844850776782,0.8567488262910798,27,0.0014972865558493143
0.9638363805392005,0.9620547902326645,0.9605886882459551,0.1453247547149658,0.2843936920166016,0.9291748932281776,0.8581181533646323,27,0.0008762659625992821
0.9653529406240903,0.9635483906308203,0.9608070165553897,0.13594706058502198,0.24689157009124757,0.9319173718002661,0.8580985915492958,29,0.0009017094904721719
0.9664361307528336,0.9651075834264554,0.9631884384595881,0.14063711166381837,0.28297412395477295,0.934498215349761,0.8693661971830986,25,0.0007683342410108024
0.9673019316186344,0.9669409621470361,0.96513649040764,0.1421954870223999,0.2625202894210815,0.9360697490550676,0.870774647887324,10,0.0006182997156360269
0.9675179123118387,0.9672657939794601,0.9662196805363834,0.14219555854797364,0.2890831470489502,0.9364847712249166,0.8707942097026603,4,0.00020972149807892962
0.9675179123118387,0.9674315200345569,0.9673019316186344,0.14063358306884766,0.282832670211792,0.9364970959389212,0.8721830985915492,2,0.00010580849852861504
0.9675179123118387,0.9674531181038775,0.9673019316186344,0.1453157663345337,0.29221155643463137,0.9364970959389212,0.8721830985915492,2,9.897478752576303e-05
0.9675179123118387,0.9675179123118386,0.9675179123118387,0.1437614917755127,0.29064364433288575,0.9364970959389212,0.8721830985915492,1,1.1102230246251565e-16
0.9675179123118387,0.9675179123118386,0.9675179123118387,0.13282248973846436,0.2718930721282959,0.9364970959389212,0.8721830985915492,1,1.1102230246251565e-16
0.9675179123118387,0.9675179123118386,0.9675179123118387,0.1328193426132202,0.235955548286438,0.9364970959389212,0.8721830985915492,1,1.1102230246251565e-16
0.9675179123118387,0.9675179123118386,0.9675179123118387,0.1281562089920044,0.23123412132263182,0.9364970959389212,0.8721830985915492,1,1.1102230246251565e-16

0.9614549586350021,0.9432398356042608,0.9187945460179734,30,0.012380645152862694
0.9621024311913683,0.95860193193165,0.9525772130978204,0.08981966972351074,0.17093932628631592,0.9246954783203393,0.8384976525821598,29,0.002296056996756795
0.964484792142059,0.9612008057018904,0.9577724878158719,0.10532209873199463,0.222951078414917,0.9291121818554858,0.8412754303599375,27,0.0014343526713051667
0.9655670432243102,0.9632071724371075,0.9612356912790754,0.11992576122283935,0.2579590082168579,0.9312605677142536,0.8441118935837245,26,0.0011610308787592092
0.9677329539585505,0.9661588772760141,0.9642692809721011,0.1156320571899414,0.23595426082611085,0.9357612673393018,0.853931924882629,26,0.0008624208620714215
0.9690316552572519,0.968598817427451,0.9670821947394617,0.11719412803649902,0.25626680850982664,0.9381206421847826,0.8553208137715181,13,0.0004507125418431923
0.9690321247804979,0.9688442685297348,0.9670821947394617,0.12657134532928466,0.27501869201660156,0.938096064458286,0.8539123630672927,8,0.0004136635581004311
0.9690321247804979,0.9689886782294591,0.9685992243475976,0.11563453674316407,0.26876652240753174,0.938096064458286,0.8539123630672927,5,0.00010305115296937694
0.9690321247804979,0.9690247845670839,0.9688156745640478,0.11250452995300293,0.2609579563140869,0.938096064458286,0.8539123630672927,3,3.8831300874877924e-05
0.9690321247804979,0.9690320621773983,0.9690316552572519,0.1140707015991211,0.2562673330307007,0.938096064458286,0.8539123630672927,2,1.5960721291653879e-07
0.9690321247804979,0.9690320621773983,0.9690316552572519,0.11875836849212647,0.2562671899795532,0.938096064458286,0.8539123630672927,2,1.5960721291653879e-07
0.9690321247804979,0.9690320621773983,0.9690316552572519,0.11563079357147217,0.25626990795135496,0.938096064458286,0.8539123630672927,2,1.5960721291653879e-07
0.9690321247804979,0.9690320621773983,0.9690316552572519,0.11407351493835449,0.2562664747238159,0.938096064458286,0.8539123630672927,2,1.5960721291653879e-07
0.9690321247804979,0.9690320778281732,0.9690316552572519,0.13907265663146973,0.30314548015594484,0.938096064458286,0.8539123630672927,2,1.4085697381815975e-07

0.9638368500624468,0.9446747142951046,0.9237790047985275,30,0.011892890859462426
0.9644871397582895,0.960582005365086,0.9562606229634432,0.11250848770141601,0.19845006465911866,0.9301357204434415,0.8553012519561815,30,0.002073520350379324
0.96513649040764,0.9620829146751056,0.9592890479007616,0.11250755786895753,0.2125149965286255,0.9317691705762281,0.8623435054773083,29,0.00165596071363893
0.9662196805363834,0.9640323908436709,0.9614558976814942,0.131257963180542,0.24533004760742189,0.9332827210635729,0.8567488262910798,30,0.001056811232553121
0.9686006329173358,0.9672581564013236,0.9644862007117974,0.12813589572906495,0.26876561641693114,0.9381573509024059,0.8665884194053209,27,0.0008811676218570106
0.9688175526570323,0.9683985970645407,0.9677343625282889,0.12813408374786378,0.24220383167266846,0.9387869587612329,0.8708137715179968,17,0.00036641551508827074
0.9690349419199744,0.9686660062039673,0.9681672629611894,0.12188200950622559,0.25470623970031736,0.939284046905182,0.8722026604068857,15,0.0002511357985371518
0.9692513921364247,0.969106935484376,0.9688161440872939,0.12032096385955811,0.2812687158584595,0.9396211460475973,0.8722026604068857,9,0.00016152902327861882
0.9696838230460791,0.9694385441023187,0.9690344723967284,0.12344241142272949,0.24689531326293945,0.9403887881041184,0.8722417840375586,10,0.00016502129524159317
0.9696838230460791,0.969582812945069,0.9692513921364247,0.11719000339508057,0.24846239089965821,0.9403887881041184,0.8722417840375586,5,0.00014490315702505598
0.9696838230460791,0.9696260873375842,0.9692513921364247,0.126570725440979,0.26720757484436036,0.9403887881041184,0.8722417840375586,4,0.00011076984377142634
0.9696838230460791,0.9696405017012394,0.9694673728296289,0.11874008178710938,0.25626540184020996,0.9403887881041184,0.8722417840375586,3,8.656451362045845e-05
0.9698998037392832,0.9696765454357646,0.9694673728296289,0.15333387851715088,0.32757527828216554,0.9408273994522647,0.8722222222222221,4,0.00010420445870363013
0.9698998037392832,0.9697630003161458,0.9694673728296289,0.11875874996185302,0.25314347743988036,0.9408273994522647,0.8722222222222221,3,0.000118117372612746

0.956691175780113,0.940384007412207,0.9211759679221718,29,0.011467082618557788
0.9597210092871699,0.9549216522210012,0.9488942727554441,0.09063057899475098,0.16094894409179689,0.9217228978265999,0.8525234741784036,30,0.0025036086097583433
0.9599388680733585,0.9566394343183932,0.9532251551774328,0.10157067775726318,0.190875244140625,0.9217886650992432,0.8440727699530516,29,0.0014969247096961475
0.964053769802143,0.9591730130558763,0.9553901268651813,0.10938284397125245,0.2250150442123413,0.9296085385336099,0.8539319248826291,28,0.0018745863110394018
0.9673014620953884,0.9641394734453302,0.9616690612352219,0.10625782012939453,0.21720170974731445,0.9359062449738026,0.8651408450704225,28,0.0015028699563738482
0.9692513921364247,0.9681610183020163,0.9662182719666452,0.10469379425048828,0.20313949584960939,0.9394369816335117,0.8637323943661972,22,0.0007493173754849373
0.9692513921364247,0.9689263098916027,0.967084072832446,0.10782010555267334,0.21407701969146728,0.9394911109068123,0.8651408450704224,12,0.0005358920455675426
0.9701171930022257,0.969806853787331,0.9688184917035244,0.11719374656677246,0.21423232555389404,0.941235325642279,0.8679577464788732,8,0.00036943612442134655
0.9701171930022257,0.9700233666068805,0.9688184917035244,0.1062556266784668,0.2125147581100464,0.941235325642279,0.8679577464788732,5,0.00028327869872624487
0.9701171930022257,0.9701171930022253,0.9701171930022257,0.14688544273376464,0.251581072807312,0.941235325642279,0.8679577464788732,1,3.3306690738754696e-16
0.9701171930022257,0.9701171930022253,0.9701171930022257,0.1062575101852417,0.2125140905380249,0.941235325642279,0.8679577464788732,1,3.3306690738754696e-16
0.9701171930022257,0.9701171930022253,0.9701171930022257,0.10938189029693604,0.22032787799835205,0.941235325642279,0.8679577464788732,1,3.3306690738754696e-16
0.9701171930022257,0.9701171930022253,0.9701171930022257,0.11093976497650146,0.1922065258026123,0.941235325642279,0.8679577464788732,1,3.3306690738754696e-16
0.9701171930022257,0.9701171930022253,0.9701171930022257,0.10938045978546143,0.2109537363052368,0.941235325642279,0.8679577464788732,1,3.3306690738754696e-16

0.963622747462227,0.9450139448404092,0.9268064906893541,29,0.012289523542868497
0.9640575259881118,0.9592125469131978,0.9517118817552657,0.10000479221343994,0.19532840251922606,0.9274422768830155,0.8287363067292646,28,0.003137888795467071
0.965787249626729,0.9628080463763762,0.9577771830483327,0.12813396453857423,0.23126740455627443,0.931047790242481,0.834330985915493,29,0.0016386730538983918
0.9675221380210534,0.9653281810982463,0.9634062972457766,0.1359466314315796,0.25782952308654783,0.934321936502527,0.8413732394366196,24,0.0011290527780084393
0.9677390577607499,0.9670896288575249,0.966222967199106,0.13438189029693604,0.2693150520324707,0.9347747541145448,0.8413732394366196,23,0.0004365169694684797
0.9692565568921317,0.9689671584140134,0.9683902865030849,0.13594701290130615,0.2437657594680786,0.9380446116429951,0.8526604068857591,13,0.00019630420036240097
0.9699063770647285,0.9696102957057403,0.9690396371524355,0.12969560623168946,0.27501811981201174,0.9392151558231318,0.8512519561815337,9,0.00023380879843955607
0.9699063770647285,0.9698702863778784,0.969473476631828,0.1328199863433838,0.27658331394195557,0.9392151558231318,0.8512519561815337,3,0.00011295775209663735
0.9699063770647285,0.9698991464067385,0.9696894573250322,0.12813377380371094,0.2593907117843628,0.9392151558231318,0.8512519561815337,2,3.893828493950729e-05
0.9699063770647285,0.9698991464067385,0.9696894573250322,0.13126010894775392,0.26407856941223146,0.9392151558231318,0.8512519561815337,2,3.893828493950729e-05
0.9699063770647285,0.9699063770647283,0.9699063770647285,0.13125877380371093,0.2765819549560547,0.9392151558231318,0.8512519561815337,1,2.220446049250313e-16
0.9699063770647285,0.9699063770647283,0.9699063770647285,0.13282206058502197,0.27658083438873293,0.9392151558231318,0.8512519561815337,1,2.220446049250313e-16
0.9699063770647285,0.9699063770647283,0.9699063770647285,0.13438327312469484,0.25470662117004395,0.9392151558231318,0.8512519561815337,1,2.220446049250313e-16
0.9699063770647285,0.9699063770647283,0.9699063770647285,0.13750863075256348,0.2578310251235962,0.9392151558231318,0.8512519561815337,1,2.220446049250313e-16

0.961454489111756,0.9445220096846995,0.9261538533772807,29,0.010932862068654655
0.9616732869444367,0.9583013588002742,0.9553915354349194,0.08125636577606202,0.14688482284545898,0.9242774337013756,0.8414710485133019,30,0.0016826830952992673
0.9625372097172532,0.9600989755002771,0.9571254847827516,0.11094677448272705,0.18594870567321778,0.9264685617399347,0.8484154929577464,30,0.0014479477614883452
0.9629719882431381,0.9613043825299792,0.9595087847799345,0.11563432216644287,0.21876192092895508,0.926980055626184,0.847007042253521,30,0.0007828374955980019
0.963838258632185,0.9625391191117875,0.9605891577692013,0.10938663482666015,0.22188642024993896,0.9284475770309077,0.8470266040688577,25,0.0007845530657050666
0.9666521114460378,0.9649348614749919,0.9631898470293265,0.11094331741333008,0.22189009189605713,0.9344463392119853,0.8624608763693271,29,0.0009182160124289831
0.9677362406212733,0.9666676213639338,0.964704529021232,0.10313363075256347,0.2062613248825073,0.9364105104206052,0.8639084507042254,23,0.0007333177386076446
0.9677362406212733,0.9672308457991757,0.9655689213172947,0.10659492015838623,0.21407573223114013,0.9364105104206052,0.8639084507042254,14,0.0005740524363542711
0.9677362406212733,0.9674764847107583,0.9657881886732212,0.1140714406967163,0.22188899517059327,0.9364105104206052,0.8639084507042254,8,0.0004756538791670889
0.9677362406212733,0.9675847254697583,0.966653989539022,0.11094615459442139,0.22345011234283446,0.9364105104206052,0.8639084507042254,6,0.0003119839331843579
0.9677362406212733,0.9676929349272086,0.9668699702322263,0.1133232831954956,0.2351553201675415,0.9364105104206052,0.8639084507042254,4,0.0001620560320890192
0.9677362406212733,0.9677001499344235,0.9670864204486765,0.10962612628936767,0.21584732532501222,0.9364105104206052,0.8639084507042254,4,0.00012608092106547694
0.9677362406212733,0.9677001499344235,0.9670864204486765,0.1157257080078125,0.22335140705108641,0.9364105104206052,0.8639084507042254,4,0.00012608092106547694
0.9677362406212733,0.9677001499344235,0.9670864204486765,0.11192626953125,0.21914942264556886,0.9364105104206052,0.8639084507042254,4,0.00012608092106547694

0.9592909259937461,0.9411297668347559,0.9233409396099201,30,0.012595036080997244
0.9608074860786358,0.9575228736074723,0.953010583053967,0.10572588443756104,0.22784924507141113,0.9210652643907317,0.8159624413145542,30,0.0019474758490300329
0.9651393075471167,0.9596161647463167,0.9566949319660818,0.09702191352844239,0.23165254592895507,0.9298801193938729,0.8328247261345852,26,0.0014394606900104243
0.965571268933525,0.9618907075089288,0.9590754148237881,0.09962360858917237,0.22294933795928956,0.9306025135723475,0.8313967136150235,28,0.0017160950891191682
0.9657886581964673,0.9646765767373142,0.9623231071170334,0.10542261600494385,0.2357548952102661,0.9312038333388232,0.8342331768388105,22,0.000764258914077219
0.9679550384539539,0.9669438888419367,0.9649237963771586,0.10722355842590332,0.23155319690704346,0.9358799599757021,0.8482785602503912,25,0.0006159652027301987
0.9686048586265507,0.9676299249075824,0.9668713788019645,0.1064237117767334,0.23205454349517823,0.9369088038591867,0.845481220657277,22,0.00044306217543867003
0.9690377590594512,0.968417080629662,0.9673042792348652,0.10562291145324706,0.2468567371368408,0.9378320344835751,0.8482981220657277,13,0.000535657421183438
0.9690377590594512,0.968814078185011,0.9679545689307079,0.10202240943908691,0.23365409374237062,0.9378320344835751,0.8482981220657277,8,0.00036009675313632155
0.9690377590594512,0.9689583470277614,0.9679545689307079,0.10041875839233398,0.22865631580352783,0.9378320344835751,0.8482981220657277,4,0.0002531099829085881
0.9690377590594512,0.9690016840233759,0.9683884084101007,0.10172300338745117,0.24285440444946288,0.9378320344835751,0.8482981220657277,3,0.0001378425192968457
0.9690377590594512,0.9690377590594511,0.9690377590594512,0.1020230770111084,0.2350543975830078,0.9378320344835751,0.8482981220657277,1,1.1102230246251565e-16
0.9690377590594512,0.9690377590594511,0.9690377590594512,0.1041259527206421,0.23615009784698487,0.9378320344835751,0.8482981220657277,1,1.1102230246251565e-16
0.9690377590594512,0.9690377590594511,0.9690377590594512,0.1031229019165039,0.24535627365112306,0.9378320344835751,0.8482981220657277,1,1.1102230246251565e-16

0.9599383985501124,0.9425331561665617,0.9237724314730823,30,0.011632484396036615
0.9621029007146145,0.9579583877197761,0.9543059976899457,0.11072273254394531,0.22705330848693847,0.9259464850608061,0.8538341158059468,29,0.0018478105253077182
0.9644838530955668,0.9600588156119608,0.9564728474706783,0.10962526798248291,0.2232501745223999,0.930426507393185,0.8594483568075117,29,0.002131088764670983
0.9679470565587703,0.9637615854860974,0.9592876393310232,0.12242546081542968,0.24125733375549316,0.9371578929465011,0.870735524256651,30,0.0018887090254670802
0.9707632569888537,0.9692177116689049,0.9657830239175142,0.11552591323852539,0.21725106239318848,0.9426183646014523,0.8777386541471047,25,0.001238194647360372
0.9716295273779005,0.9714923013838416,0.9705468067724035,0.11652629375457764,0.22185049057006836,0.9444295228814703,0.8819640062597809,5,0.0002878574723396623
0.9716295273779008,0.9716078667054806,0.9709797072053039,0.11882679462432862,0.22955198287963868,0.9444277852528373,0.8819444444444444,3,0.00011664629081447082
0.9716295273779008,0.9716078667054807,0.9709797072053039,0.11802513599395752,0.23165411949157716,0.9444277852528373,0.8819444444444444,3,0.00011664629081448046
0.9716295273779008,0.9716295273779006,0.9716295273779005,0.12052745819091797,0.2341529130935669,0.9444277852528373,0.8819444444444444,2,1.1102230246251565e-16
0.9716295273779008,0.9716295273779006,0.9716295273779008,0.11792657375335694,0.22585153579711914,0.9444277852528373,0.8819444444444444,1,1.1102230246251565e-16
0.9716295273779008,0.9716295273779006,0.9716295273779008,0.1328209400177002,0.24689233303070068,0.9444277852528373,0.8819444444444444,1,1.1102230246251565e-16
0.9716295273779008,0.9716295273779006,0.9716295273779008,0.11875863075256347,0.22345218658447266,0.9444277852528373,0.8819444444444444,1,1.1102230246251565e-16
0.9716295273779008,0.9716295273779006,0.9716295273779008,0.12032089233398438,0.22032744884490968,0.9444277852528373,0.8819444444444444,1,1.1102230246251565e-16
0.9716295273779008,0.9716295273779006,0.9716295273779008,0.1265709638595581,0.23907942771911622,0.9444277852528373,0.8819444444444444,1,1.1102230246251565e-16

0.966437539322572,0.944847138881846,0.9190128743274079,30,0.014149002567700374
0.966437539322572,0.9616006047459411,0.9560437032237467,0.1203202486038208,0.24220457077026367,0.9337759003332371,0.8608176838810643,30,0.0028534259801736377
0.9670854814021842,0.964170180265625,0.96102346677184,0.11094353199005128,0.22189171314239503,0.9352713818782565,0.8678599374021909,27,0.001552929072368608
0.9688175526570321,0.9666818322675156,0.9627569465964261,0.12657039165496825,0.24845514297485352,0.9378749732515297,0.8593896713615022,24,0.0011762084502831723
0.970334112741922,0.9694386693085175,0.9681682020076815,0.13283028602600097,0.2667602300643921,0.941202245063199,0.870657276995305,24,0.0004929810256018534
0.971415894300927,0.9709036757409859,0.9696842925693252,0.13447771072387696,0.2359553575515747,0.9433544767518105,0.8734741784037559,12,0.0004887262173498021
0.9716323445173771,0.9714303399661318,0.970550093435126,0.12657063007354735,0.23439321517944336,0.9437775317875415,0.8748630672926447,7,0.0002733717585005921
0.9716323445173771,0.9715746244596573,0.9711994440844766,0.12813220024108887,0.2406447172164917,0.9437775317875415,0.8748630672926447,5,0.00012413167773510817
0.9716323445173771,0.9716251295101623,0.971415894300927,0.12813374996185303,0.23126604557037353,0.9437775317875415,0.8748630672926447,2,3.8854002937460135e-05
0.9716323445173771,0.9716323445173773,0.9716323445173771,0.12813339233398438,0.2453293800354004,0.9437775317875415,0.8748630672926447,1,2.220446049250313e-16
0.9716323445173771,0.9716323445173773,0.9716323445173771,0.12813143730163573,0.25157995223999025,0.9437775317875415,0.8748630672926447,1,2.220446049250313e-16
0.9716323445173771,0.9716323445173773,0.9716323445173771,0.13125720024108886,0.24071815013885497,0.9437775317875415,0.8748630672926447,1,2.220446049250313e-16
0.9716323445173771,0.9716323445173773,0.9716323445173771,0.13282244205474852,0.25470449924468996,0.9437775317875415,0.8748630672926447,1,2.220446049250313e-16
0.9716323445173771,0.9716323445173773,0.9716323445173771,0.1250077486038208,0.2672063589096069,0.9437775317875415,0.8748630672926447,1,2.220446049250313e-16

0.9631837432271272,0.943176543870687,0.9198767971002242,30,0.013113717001340388
0.9649148754354829,0.9607527396681411,0.9560408860842703,0.1099240779876709,0.20294551849365233,0.9307995444813271,0.8525234741784036,27,0.0017448036714743226
0.9660004131804566,0.9629543498198596,0.9597186616709393,0.1315314292907715,0.24725372791290284,0.9326700032533191,0.852582159624413,29,0.0014622214771045036
0.9660008827037027,0.9644984709192954,0.9621029007146145,0.1305293321609497,0.2367539405822754,0.93253580754769,0.8497652582159626,27,0.0009015063047628478
0.968165384868205,0.966404234473649,0.9638354414927084,0.13753218650817872,0.24065420627593995,0.9373511135326211,0.8666275430359937,29,0.0010977790866048918
0.9701148453859952,0.9696240214353016,0.9679484651285085,0.12913012504577637,0.2469548463821411,0.9411262083219055,0.8723004694835682,12,0.0005214815473707947
0.9705482153421416,0.9703604060437034,0.9701148453859952,0.13622968196868895,0.2431570768356323,0.9419209088974771,0.8723004694835682,5,0.000207320150122992
0.9705482153421416,0.9704398493769428,0.9701148453859952,0.144231915473938,0.26055967807769775,0.9419209088974771,0.8723004694835682,4,0.00018343259922467292
0.9705482153421416,0.9704904170305473,0.9701148453859952,0.12472779750823974,0.23275306224822997,0.9419209088974771,0.8723004694835682,3,0.00014731134277650983
0.9705482153421416,0.9705193240117319,0.9701148453859952,0.12188334465026855,0.22501516342163086,0.9419209088974771,0.8723004694835682,2,0.00010810145984140538
0.9705482153421416,0.9705337696769367,0.9701148453859952,0.12509658336639404,0.22814366817474366,0.9419209088974771,0.8723004694835682,2,7.779228787696741e-05
0.9705482153421416,0.9705337696769367,0.9701148453859952,0.12344703674316407,0.23282835483551026,0.9419209088974771,0.8723004694835682,2,7.779228787696741e-05
0.9705482153421416,0.9705482153421416,0.9705482153421416,0.12500782012939454,0.229703950881958,0.9419209088974771,0.8723004694835682,1,0.0
0.9705482153421416,0.9705482153421416,0.9705482153421416,0.12188034057617188,0.21876859664916992,0.9419209088974771,0.8723004694835682,1,0.0

0.9603731770759971,0.9403929283538827,0.9203134537190936,30,0.013554132448969724
0.9605886882459552,0.9571536874790673,0.9519264538787316,0.10000536441802979,0.18282544612884521,0.9213367931964076,0.8286384976525822,30,0.0019295888978926794
0.9647035899747397,0.9586189286731587,0.9558258444375582,0.11094589233398437,0.22345352172851562,0.9299533697025752,0.8468505477308295,28,0.0017962328494629393
0.9647035899747397,0.9611958600570315,0.9590725976843114,0.11719894409179688,0.21251087188720702,0.9299533697025752,0.8468505477308295,30,0.0012023344861442967
0.9651355513611479,0.9627548180910437,0.9612403865115364,0.10469305515289307,0.19532768726348876,0.9311216222521443,0.8524647887323944,28,0.000987443314448853
0.9660027607966872,0.9648118776860642,0.9629719882431381,0.1046942949295044,0.2109504222869873,0.9325366347970941,0.84966744913928,27,0.000819260181282951
0.9675197904048229,0.9664869175172864,0.9647035899747397,0.10938606262207032,0.20313608646392822,0.9357547347201407,0.8608568075117372,26,0.0007243011963288291
0.9686015719638281,0.9672882058890738,0.965786780103483,0.11719820499420167,0.2265756607055664,0.9378880050878713,0.863693270735524,26,0.0007725051350592674
0.9690354114432205,0.968219129629108,0.965786780103483,0.12031862735748292,0.23282966613769532,0.9385125806467937,0.8608763693270735,17,0.0009612758447520587
0.9690354114432205,0.9688473047800593,0.9675183818350848,0.11251025199890137,0.22970099449157716,0.9385125806467937,0.8608763693270735,7,0.0003656580297777039
0.9692518616596708,0.9690496379975772,0.9683846522241316,0.11094622611999512,0.2234520673751831,0.9389732813972345,0.8608959311424099,6,0.00024348370215419713
0.969468311876121,0.969302351059401,0.9686025110103202,0.12032217979431152,0.24064033031463622,0.9394192913997049,0.8622848200312989,6,0.0002283057684027436
0.969468311876121,0.9694394518472609,0.9692518616596708,0.11563124656677246,0.23126733303070068,0.9394192913997049,0.8622848200312989,2,7.35789251600722e-05
0.969468311876121,0.9694538818616909,0.9692518616596708,0.10469377040863037,0.21095268726348876,0.9394192913997049,0.8622848200312989,2,5.399217008332038e-05

0.9605830539670019,0.9434130427297455,0.9205219220403601,30,0.012597030406584398
0.9640490745696819,0.958353460229816,0.9527903766515479,0.1080249309539795,0.19684410095214844,0.9292856194622668,0.8553012519561815,30,0.002470502118329977
0.9649148754354829,0.9613996800981616,0.9575518118902066,0.10492277145385742,0.18984344005584716,0.9307528497377102,0.8525039123630673,28,0.001887542333194694
0.9657834934407603,0.9632695720765133,0.9601553182898087,0.09902172088623047,0.1770402431488037,0.9321340277912284,0.851056338028169,28,0.001416143022395224
0.968381835084655,0.9668005746964533,0.9640490745696819,0.10552763938903809,0.1940401554107666,0.9371412618670363,0.8553403755868544,28,0.0010285838040068167
0.9685992243475976,0.9681294663398787,0.9668648054765192,0.1062575101852417,0.18907516002655028,0.9376066015482113,0.8567488262910798,20,0.000516011284532422
0.9690325943037441,0.9686208850200176,0.9677310758655662,0.11094450950622559,0.2015767812728882,0.9384538729469434,0.8581181533646323,12,0.0003231753147316535
0.9690325943037441,0.968866398725401,0.968381835084655,0.10313053131103515,0.19376344680786134,0.9384538729469434,0.8581181533646323,6,0.00021457631808367874
0.9690325943037441,0.9689241813862206,0.968381835084655,0.12031974792480468,0.21720526218414307,0.9384538729469434,0.8581181533646323,6,0.000191960847309322
0.9690325943037441,0.96898199534859,0.9685982853011053,0.10469436645507812,0.18751323223114014,0.9384538729469434,0.8581181533646323,5,0.00012118658958094586
0.9690325943037441,0.9690181486385393,0.9688161440872939,0.09844250679016113,0.162514328956604,0.9384538729469434,0.8581181533646323,3,5.3988052863087834e-05
0.9690325943037441,0.9690325943037441,0.9690325943037441,0.10313181877136231,0.1703254461288452,0.9384538729469434,0.8581181533646323,1,0.0
0.9690325943037441,0.9690325943037441,0.9690325943037441,0.10156974792480469,0.1968899965286255,0.9384538729469434,0.8581181533646323,1,0.0
0.9692490445201944,0.9691047443758941,0.9690325943037441,0.11563282012939453,0.20908172130584718,0.9388971844877535,0.8595266040688576,2,0.0001020356105608861

0.963403010583054,0.9443567375020737,0.9170648223793559,30,0.01310753450057796
0.9655689213172944,0.9617357335361675,0.9553915354349195,0.0968813419342041,0.1922006845474243,0.9315416228839126,0.8455007824726135,28,0.0020044362122576746
0.9655689213172944,0.9629631455553366,0.9601557878130548,0.0984487771987915,0.20625970363616944,0.9315416228839126,0.8455007824726135,25,0.0012605838836021416
0.9655689213172944,0.9637640426577521,0.9616704698049601,0.0964437484741211,0.1974249839782715,0.9315416228839126,0.8455007824726135,25,0.001047686172209996
0.969898395169545,0.9669468468383872,0.9638363805392005,0.1250077247619629,0.22032690048217773,0.940488650832329,0.8666275430359937,28,0.0014582250013299163
0.9727141260763821,0.9713856883054282,0.9701153149092413,0.11250832080841064,0.20626327991485596,0.9461711742582469,0.8764475743348983,23,0.0007660641036854731
0.9731474960325285,0.9721869923279901,0.9707646655585919,0.11250596046447754,0.18438866138458251,0.947401787526783,0.8863262910798122,22,0.000572027811709128
0.9737968466818794,0.9729305449912827,0.971631405470885,0.1140702247619629,0.20338585376739501,0.9487026381349368,0.8890649452269171,26,0.0005505853213793949
0.9737968466818794,0.9734213532912016,0.9722816951667278,0.1140737533569336,0.20313680171966553,0.9487026381349368,0.8890649452269171,18,0.00041057506602804153
0.9750964870270729,0.9743669731088385,0.9737963771586331,0.11251013278961182,0.21094970703125,0.951107890551335,0.8905125195618153,14,0.000438484236596153
0.9750964870270729,0.9749591201760401,0.9740132968983295,0.11094498634338379,0.21251459121704103,0.951107890551335,0.8905125195618153,9,0.000276773703608565
0.9750964870270729,0.9750603180863487,0.9744457278079837,0.11250841617584229,0.21095125675201415,0.951107890551335,0.8905125195618153,4,0.0001380392745076314
0.9753129372435229,0.9751036863835131,0.9750960175038266,0.11250383853912353,0.20782845020294188,0.951547991656985,0.8919209702660407,3,3.8857000509892514e-05
0.9753129372435229,0.9751469764268031,0.9750960175038266,0.11406989097595215,0.1937635660171509,0.9515570740052739,0.8919014084507042,3,9.155685106489904e-05

0.9584227775117146,0.9401022778137745,0.9181400306129156,30,0.012050292497829521
0.959721948333662,0.9560618894241455,0.951277103229381,0.11113777160644531,0.21876077651977538,0.9211491700085128,0.8412363067292643,30,0.002024763806357568
0.9608041994159132,0.9578082811379993,0.9553910659116734,0.14063522815704346,0.28283119201660156,0.9230579589167263,0.8398082942097027,29,0.0011085646263340454
0.9618864504981642,0.9595768969521683,0.9558225577748356,0.13907268047332763,0.31408355236053465,0.9254796023581922,0.8496478873239438,29,0.0013444762034244713
0.9649191011446977,0.9628391601168175,0.9592881088542695,0.12657129764556885,0.2875194072723389,0.9311453259554607,0.8566901408450704,28,0.0010893439067004246
0.9657853715337448,0.9653087741374077,0.9642683419256087,0.12657129764556885,0.27345592975616456,0.9329230735869369,0.8609154929577464,9,0.0003851824206307057
0.9657853715337448,0.9656554231500003,0.9647021814050014,0.12813277244567872,0.2843975067138672,0.9329230735869369,0.8609154929577464,5,0.00024122554132152872
0.9657853715337448,0.9657420658396798,0.9653520015775982,0.12813384532928468,0.25939249992370605,0.9329230735869369,0.8609154929577464,3,0.00010311010450690582
0.9657853715337448,0.9657853715337448,0.9657853715337448,0.12500627040863038,0.27345829010009765,0.9329230735869369,0.8609154929577464,1,0.0
0.9657853715337448,0.9657853715337448,0.9657853715337448,0.12813496589660645,0.2500169277191162,0.9329230735869369,0.8609154929577464,1,0.0
0.9657853715337448,0.9657853715337448,0.9657853715337448,0.12813611030578614,0.26720352172851564,0.9329230735869369,0.8609154929577464,1,0.0
0.9657853715337448,0.9657853715337448,0.9657853715337448,0.12656984329223633,0.26408236026763915,0.9329230735869369,0.8609154929577464,1,0.0
0.9657853715337448,0.9657853715337448,0.9657853715337448,0.12813358306884765,0.2703311204910278,0.9329230735869369,0.8609154929577464,1,0.0
0.9657853715337448,0.9657853715337448,0.9657853715337448,0.12812392711639403,0.27356662750244143,0.9329230735869369,0.8609154929577464,1,0.0

0.964704529021232,0.9449415443558612,0.9265919185658881,30,0.012542391182771642
0.9673056878046034,0.9618255533331455,0.9553929440046577,0.12032148838043213,0.20001306533813476,0.9339704119900875,0.8414123630672927,30,0.002656230454053118
0.967739996807242,0.9639774566238773,0.9614568367279865,0.1406355619430542,0.2750181436538696,0.935045647707566,0.8456377151799688,30,0.0017313271581232295
0.9703378689278906,0.9672767025695441,0.9640547088486352,0.12779550552368163,0.244185471534729,0.9400332317102308,0.8498239436619718,28,0.0013751591360592083
0.9735860307443822,0.9717309600498322,0.9692551483223933,0.12344434261322021,0.23786594867706298,0.946616677238229,0.8639280125195619,24,0.0010590029975004983
0.9748847320430836,0.9743580678179377,0.9731526607882355,0.12500734329223634,0.23908095359802245,0.9492833026406616,0.868114241001565,13,0.0005466634931363936
0.9751016517827799,0.974856153728171,0.9742363204402251,0.12657172679901124,0.23907792568206787,0.9496770192566162,0.868114241001565,8,0.0002353523143544978
0.9751016517827799,0.9750366228131956,0.9746687513498793,0.12344479560852051,0.24689130783081054,0.9496770192566162,0.868114241001565,4,0.00011397594998806569
0.9751016517827799,0.9750799598088101,0.9748847320430836,0.1250065803527832,0.2515831708908081,0.9496770192566162,0.868114241001565,2,6.50759219088859e-05
0.9751016517827799,0.9750871904668,0.9748847320430836,0.1203188180923462,0.2437664747238159,0.9496770192566162,0.868114241001565,2,5.4109289758112686e-05
0.9751016517827799,0.9751016517827797,0.9751016517827799,0.12188444137573243,0.2250138521194458,0.9496770192566162,0.868114241001565,1,1.1102230246251565e-16
0.9751021213060259,0.9751019647982773,0.9751016517827799,0.1250087261199951,0.23907966613769532,0.9496780761040599,0.868114241001565,2,2.21335380809415e-07
0.9751021213060259,0.9751020587029265,0.9751016517827799,0.16563594341278076,0.31408441066741943,0.9496780761040599,0.868114241001565,2,1.5960721291653879e-07
0.9751021213060259,0.9751021056552511,0.9751016517827799,0.14063234329223634,0.2691034317016602,0.9496780761040599,0.868114241001565,2,8.428200202722444e-08

0.964053300278897,0.9434400872687208,0.9207501103379627,30,0.012767831911602537
0.964053300278897,0.9596066490751959,0.9540900169967415,0.11875791549682617,0.20157649517059326,0.9300972042078499,0.8667057902973395,30,0.002494129977269656
0.9666502333530534,0.9635110791835305,0.9599383985501122,0.13907108306884766,0.23439178466796876,0.9351466485033123,0.8737676056338028,30,0.0015559906210153335
0.9681663239146971,0.9661954218353349,0.9627531904104571,0.1328216314315796,0.24220407009124756,0.9384203717195148,0.8835876369327073,28,0.0012946067742153975
0.969032594303744,0.9685850760471152,0.9668671530927497,0.13282203674316406,0.2468916654586792,0.9398280387892521,0.8836071987480437,13,0.0005091667297996459
0.969032594303744,0.9690325943037441,0.969032594303744,0.13750917911529542,0.22189054489135743,0.9398280387892521,0.8836071987480437,1,1.1102230246251565e-16
0.969032594303744,0.9690325943037441,0.969032594303744,0.13125739097595215,0.24845511913299562,0.9398280387892521,0.8836071987480437,1,1.1102230246251565e-16
0.969032594303744,0.9690325943037441,0.969032594303744,0.13438351154327394,0.23751566410064698,0.9398280387892521,0.8836071987480437,1,1.1102230246251565e-16
0.969032594303744,0.9690325943037441,0.969032594303744,0.13126096725463868,0.24064040184020996,0.9398280387892521,0.8836071987480437,1,1.1102230246251565e-16
0.969032594303744,0.9690325943037441,0.969032594303744,0.13126013278961182,0.235953426361084,0.9398280387892521,0.8836071987480437,1,1.1102230246251565e-16
0.969032594303744,0.9690325943037441,0.969032594303744,0.13125643730163575,0.2515824317932129,0.9398280387892521,0.8836071987480437,1,1.1102230246251565e-16
0.969032594303744,0.9690325943037441,0.969032594303744,0.13332695960998536,0.2491596221923828,0.9398280387892521,0.8836071987480437,1,1.1102230246251565e-16
0.969032594303744,0.9690325943037441,0.969032594303744,0.13643064498901367,0.24105513095855713,0.9398280387892521,0.8836071987480437,1,1.1102230246251565e-16
0.9692495140434403,0.9690398249617339,0.969032594303744,0.13852910995483397,0.2593603372573853,0.9402187210490063,0.8836071987480437,2,3.8938284939507284e-05

0.9614568367279863,0.9431514556785706,0.9209623348451983,30,0.011134080651044103
0.9614568367279863,0.9569749556300534,0.951929271018208,0.13522980213165284,0.28916616439819337,0.9230980382324262,0.8299491392801253,28,0.002359093969909904
0.9614568367279863,0.9586281000272323,0.9556108027908463,0.13543119430541992,0.29006664752960204,0.9230980382324262,0.8299491392801253,29,0.0016318367211972812
0.9614568367279863,0.9596240996891757,0.9569095040895477,0.13682999610900878,0.2883659601211548,0.9230980382324262,0.8299491392801253,27,0.0011480247053921957
0.9625414354264681,0.9613491593968819,0.9599412156895888,0.12952852249145508,0.2696619272232056,0.9251955553030946,0.8300078247261347,30,0.0006797298734598623
0.9634058277225307,0.962590500605685,0.9612432036510128,0.13302977085113527,0.28526554107666013,0.9264820835935599,0.8285602503912364,24,0.0005291728446938693
0.9642720981115775,0.9633767172812727,0.9621071264238292,0.13293049335479737,0.27386159896850587,0.928222511546496,0.8313575899843506,21,0.00048653837487854537
0.9644885483280279,0.9637883170095752,0.9629719882431381,0.13363020420074462,0.2949662685394287,0.9286971564464362,0.8327660406885758,15,0.00042463175477294826
0.9644885483280279,0.9641853615172489,0.9631893775060805,0.13223235607147216,0.28886237144470217,0.9286971564464362,0.8327660406885758,12,0.0003428520971154788
0.9644885483280279,0.964308141846103,0.9631893775060805,0.13613173961639405,0.29076550006866453,0.9286971564464362,0.8327660406885758,8,0.0003215299550666236
0.9644885483280279,0.964409151947113,0.9631893775060805,0.14003245830535888,0.3116699457168579,0.9286971564464362,0.8327660406885758,4,0.0002467855258467045
0.9644885483280279,0.9644380276267479,0.9631893775060805,0.12862818241119384,0.2866656303405762,0.9286971564464362,0.8327660406885758,3,0.00023509751757277644
0.9644885483280279,0.9644380276267479,0.9631893775060805,0.12873151302337646,0.28276159763336184,0.9286971564464362,0.8327660406885758,3,0.00023509751757277644
0.96448948737452,0.9644383406422453,0.9631893775060805,0.13292996883392333,0.29206759929656984,0.9288627641255959,0.8355829420970264,4,0.0002351651892843894

0.9610178324928867,0.943666381822564,0.9257233005606105,30,0.010975595882594922
0.9634025410598079,0.9593289417259049,0.9510564273037158,0.06651461124420166,0.10862522125244141,0.9282671955904988,0.8566901408450706,30,0.002425592987942387
0.9651350818379021,0.9610543300998832,0.9573363007202484,0.08761830329895019,0.1487335205078125,0.9316744151912573,0.8609154929577464,30,0.0017864107775555933
0.9657844324872527,0.9630840321404311,0.9605858711064783,0.09422075748443604,0.16483654975891113,0.9323960435260545,0.8538536776212832,28,0.0013692680995084593
0.9679484651285086,0.9662317785853579,0.962535801147515,0.08631982803344726,0.15513474941253663,0.9370500263975835,0.8679186228482003,29,0.0010201093013336988
0.9701143758627492,0.9688513113784265,0.9677329539585505,0.08711917400360107,0.16223735809326173,0.9411413803587569,0.8721439749608765,26,0.0005916786857299794
0.9701143758627492,0.9696235519120553,0.9677329539585505,0.0853189468383789,0.15053446292877198,0.9411413803587569,0.8721439749608765,17,0.0005502639573022924
0.9705468067724035,0.9700855940877634,0.9685992243475976,0.08741884231567383,0.15703656673431396,0.9420617439392591,0.8749608763693271,14,0.0004392067805417108
0.9707632569888537,0.9703741161224895,0.9685992243475976,0.08601973056793213,0.15443477630615235,0.9424463925056823,0.8749608763693271,11,0.0004006006601422292
0.9707632569888537,0.9705470728355762,0.9694640861669062,0.08782148361206055,0.161134934425354,0.9424463925056823,0.8749608763693271,9,0.0002738029867511935
0.9707632569888537,0.9706840797187869,0.9703303565559531,0.08471782207489013,0.1509357213973999,0.9424463925056823,0.8749608763693271,4,0.00013067198224462085
0.9707632569888537,0.9707200921517625,0.9703303565559531,0.08438334465026856,0.1640714645385742,0.9424463925056823,0.8749608763693271,3,0.00010284080699140528
0.9707632569888537,0.9707272758574277,0.9703303565559531,0.08906862735748292,0.1609485149383545,0.9424463925056823,0.8749608763693271,3,9.796236069279262e-05
0.9707632569888537,0.9707632569888536,0.9707632569888537,0.10000238418579102,0.18595421314239502,0.9424463925056823,0.8749608763693271,1,1.1102230246251565e-16

0.9670859509254305,0.9446085897712796,0.9237757181358048,30,0.014622029080740773
0.9681696105774197,0.9644006535763585,0.9566930538730973,0.1390698194503784,0.27189538478851316,0.9377548338479558,0.8790492957746479,29,0.002667547026085312
0.9690358809664668,0.9669778666741791,0.9640556478951273,0.13907208442687988,0.29064440727233887,0.9393333062106176,0.8804577464788732,28,0.0010677280670448894
0.9701181320487177,0.9683352427278676,0.9660036998431792,0.13282184600830077,0.25939249992370605,0.9414580395677958,0.8832942097026603,26,0.0007942231631875201
0.9701181320487177,0.9691289874261675,0.9675183818350848,0.12969725131988524,0.2359527349472046,0.9414580395677958,0.8832942097026603,27,0.0006391186936945866
0.9729319848625705,0.9715891796802862,0.9701171930022257,0.14219541549682618,0.25939249992370605,0.9469153510666816,0.8902973395931142,21,0.0006004361709741486
0.9729319848625705,0.9721522163062295,0.9711999136077228,0.13262770175933838,0.2737640142440796,0.9469153510666816,0.8902973395931142,22,0.00045971423095963077
0.9731484350790207,0.972491525105408,0.9716332835638692,0.1343820571899414,0.25158307552337644,0.9472784015920862,0.8889084507042252,20,0.00036442004425197823
0.973364885295471,0.9727368823030427,0.9718483252105813,0.1312577724456787,0.2672070741653442,0.9477206379336056,0.8903169014084507,19,0.0004006163129232042
0.9737973162051254,0.9732346082454542,0.972498145383178,0.13751142024993895,0.265642786026001,0.9488063265334203,0.8959507042253522,14,0.00037731681363299056
0.9742302166380259,0.9736314336422798,0.9727150651228744,0.1343845844268799,0.2609531402587891,0.9496794744000032,0.8987480438184663,8,0.0003857788095518325
0.9742302166380259,0.9738045625138902,0.9727150651228744,0.13282184600830077,0.2593924283981323,0.9496794744000032,0.8987480438184663,9,0.0004657694532275886
0.9742302166380259,0.9738766969352655,0.9727150651228744,0.13126094341278077,0.27658207416534425,0.9496794744000032,0.8987480438184663,9,0.00046579635602595637
0.9742302166380259,0.9739343856914359,0.9727150651228744,0.12813260555267333,0.2453301191329956,0.9496794744000032,0.8987480438184663,7,0.00043459880793012153

0.9612361608023214,0.9441584734860222,0.9211736203059413,30,0.012004683898070044
0.9636189912762582,0.9596767645466125,0.9543050586434534,0.1437591314315796,0.2750173330307007,0.9281790492693863,0.8497456964006261,28,0.002066390577962994
0.9636189912762582,0.9614528301296198,0.959286700284531,0.14219655990600585,0.2843954086303711,0.9281790492693863,0.8497456964006261,28,0.0009716075163297592
0.9647012423585091,0.962672776729176,0.9592871698077772,0.14376068115234375,0.2843937873840332,0.9302104312557347,0.85254303599374,27,0.0010964390239143781
0.965351532054352,0.9642035320668726,0.9621024311913684,0.14053113460540773,0.2729609489440918,0.9314159958976838,0.8539514866979655,22,0.0006257244950041463
0.9666516419227916,0.9659940589658594,0.9651350818379019,0.14653584957122803,0.2787604331970215,0.9335873284368956,0.8511541471048514,15,0.00031395978833758336
0.9668685616624879,0.9666949789184062,0.9662178024433989,0.14643349647521972,0.2867646455764771,0.9340979589512782,0.8525430359937403,7,0.00015217243576972912
0.9668685616624879,0.9667745944101692,0.9664351917063414,0.14603335857391359,0.3011678457260132,0.9340979589512782,0.8525430359937403,5,0.0001332652075180843
0.9668685616624879,0.9668396546813032,0.9666521114460377,0.13973023891448974,0.2626608610153198,0.9340979589512782,0.8525430359937403,3,7.356064149742191e-05
0.9668685616624879,0.9668613310044978,0.9666521114460377,0.1409743309020996,0.2718925714492798,0.9340979589512782,0.8525430359937403,3,3.885118797172589e-05
0.9668685616624879,0.9668685616624877,0.9668685616624879,0.14532170295715333,0.2672064542770386,0.9340979589512782,0.8525430359937403,1,2.220446049250313e-16
0.9668685616624879,0.9668685616624877,0.9668685616624879,0.13750927448272704,0.2797083854675293,0.9340979589512782,0.8525430359937403,1,2.220446049250313e-16
0.9668685616624879,0.9668685616624877,0.9668685616624879,0.13750860691070557,0.26564574241638184,0.9340979589512782,0.8525430359937403,1,2.220446049250313e-16
0.9668685616624879,0.9668685616624877,0.9668685616624879,0.13594460487365723,0.25470876693725586,0.9340979589512782,0.8525430359937403,1,2.220446049250313e-16

0.964268341925609,0.9419369398978943,0.9205280258425594,30,0.012977614633131825
0.9662178024433989,0.9597582111790356,0.9517076560460509,0.11563386917114257,0.20313880443572999,0.934036833743505,0.8679381846635366,29,0.0031928352140005254
0.9666521114460377,0.9629701727532533,0.9601553182898087,0.10938007831573486,0.20313920974731445,0.934838639144252,0.8679773082942097,29,0.0019295171136450623
0.9679484651285086,0.9650061038021992,0.96102346677184,0.15313644409179689,0.24651694297790527,0.9372390482268603,0.8707355242566509,29,0.0014442606849442007
0.9703317651256915,0.9684117593662062,0.9657839629640064,0.11250464916229248,0.21876630783081055,0.9418121648840486,0.8777973395931141,27,0.0009533609867218521
0.970764665558592,0.9698481718329877,0.9685996938708437,0.10937871932983398,0.24689526557922364,0.9426226949215813,0.8777973395931141,28,0.0005718639259649408
0.9709815852982884,0.9706494602047748,0.9701153149092413,0.1156315565109253,0.22345404624938964,0.9429753619981774,0.8777777777777777,11,0.00019951185776275713
0.9714149552544347,0.9710465047124484,0.9701153149092413,0.11563324928283691,0.2375183582305908,0.9437946051058196,0.8777973395931141,11,0.0003498926153606587
0.971631405470885,0.9712271772575461,0.9701153149092413,0.10938460826873779,0.21720147132873535,0.944252845428939,0.8792057902973396,11,0.0003295934786536968
0.971631405470885,0.9714654133526149,0.970764665558592,0.11875805854797364,0.23595242500305175,0.9442046639209648,0.8791862284820032,6,0.00022840176106151422
0.971631405470885,0.9715664078028502,0.970764665558592,0.11094517707824707,0.22970187664031982,0.9442046639209648,0.8791862284820032,4,0.0001692294346453994
0.971631405470885,0.9715952991332599,0.970764665558592,0.1109459400177002,0.22501447200775146,0.9442046639209648,0.8791862284820032,3,0.0001590575098575859
0.971631405470885,0.971609744798465,0.9709815852982882,0.10938234329223633,0.23127951622009277,0.9442046639209648,0.8791862284820032,2,0.00011664629081448731
0.971631405470885,0.9716314054708849,0.971631405470885,0.10469791889190674,0.19219694137573243,0.9442046639209648,0.8791862284820032,1,1.1102230246251565e-16


